cnpj_raiz,email_corporativo,cargo_dono_agg,estado,capital
00.020.682,1,outros,SP,0
00.028.986,1,gerente,SP,1
00.058.757,0,diretor,BA,0
00.064.494,1,gerente,Outros,0
00.074.569,1,gerente,RJ,1
00.091.731,1,gerente,MG,0
00.093.451,1,gerente,GO,0
00.103.768,0,gerente,MG,0
00.130.790,1,gerente,Outros,0
00.132.104,0,gerente,Outros,0
00.145.564,0,gerente,RS,0
00.163.083,1,gerente,SP,0
00.168.581,1,gerente,SP,0
00.183.277,1,diretor,GO,1
00.189.732,0,diretor,Outros,0
00.205.840,1,socio,SC,0
00.240.681,0,gerente,Outros,1
00.242.667,1,diretor,PR,0
00.350.232,1,diretor,Outros,0
00.389.587,1,gerente,RS,0
00.401.152,0,diretor,SC,0
00.428.307,1,outros,SC,1
00.447.333,1,diretor,SP,0
00.471.390,1,gerente,SC,0
00.472.038,1,diretor,Outros,1
00.486.075,0,diretor,MG,0
00.498.827,1,proprietario,PR,0
00.502.374,1,diretor,Outros,0
00.529.918,1,diretor,PR,0
00.536.783,0,diretor,Outros,1
00.537.945,1,gerente,SP,0
00.545.042,0,diretor,MG,0
00.568.986,0,diretor,Outros,1
00.587.085,1,socio,SC,0
00.612.188,0,socio,MG,0
00.619.761,1,proprietario,PR,0
00.657.565,1,gerente,Outros,1
00.674.371,1,diretor,RS,0
00.693.135,1,socio,Outros,1
00.699.167,0,diretor,Outros,0
00.708.319,0,diretor,MG,0
00.732.285,1,socio,RS,0
00.739.209,1,socio,SP,0
00.749.205,0,gerente,Outros,1
00.766.315,1,diretor,SC,0
00.776.574,1,gerente,RJ,1
00.777.674,1,diretor,Outros,1
00.785.406,0,diretor,Outros,1
00.785.860,1,diretor,PB,1
00.795.877,1,gerente,PR,0
00.810.218,1,diretor,Outros,0
00.821.318,1,gerente,BA,0
00.822.009,1,gerente,SC,0
00.827.591,1,proprietario,SP,0
00.853.538,1,diretor,GO,0
00.894.942,0,proprietario,SP,0
00.903.359,0,proprietario,Outros,1
00.909.327,1,socio,PB,1
00.941.293,1,diretor,SP,0
00.950.001,1,gerente,MG,0
00.965.445,0,socio,MG,0
00.970.771,1,proprietario,Outros,1
00.972.696,1,diretor,RJ,0
00.994.870,1,diretor,BA,1
00.998.573,1,diretor,SP,0
01.031.060,1,outros,Outros,1
01.031.635,1,diretor,SP,0
01.043.306,1,diretor,Outros,0
01.047.465,1,proprietario,Outros,0
01.049.312,1,gerente,SP,0
01.051.296,1,diretor,Outros,0
01.097.817,1,socio,MG,0
01.107.327,1,diretor,RS,1
01.113.113,1,diretor,SP,0
01.114.430,1,gerente,RJ,0
01.118.771,1,gerente,RS,0
01.125.308,1,socio,BA,0
01.125.797,1,gerente,SP,1
01.126.097,0,diretor,Outros,0
01.128.449,1,socio,SP,1
01.157.555,1,outros,SP,1
01.161.180,1,gerente,SP,0
01.168.727,1,gerente,RS,0
01.170.971,1,gerente,RS,0
01.177.442,1,socio,Outros,1
01.194.185,1,gerente,PR,0
01.206.266,0,diretor,Outros,0
01.233.060,1,gerente,SP,0
01.274.277,0,diretor,Outros,0
01.290.096,1,diretor,SP,1
01.318.705,1,diretor,Outros,1
01.324.733,1,diretor,SP,0
01.338.388,1,socio,MG,1
01.341.375,1,socio,SC,0
01.353.824,1,diretor,Outros,0
01.374.153,1,socio,MG,0
01.375.753,1,gerente,SP,0
01.393.666,0,diretor,MG,0
01.417.222,1,gerente,MG,0
01.428.996,1,diretor,SC,0
01.434.954,1,diretor,RJ,0
01.435.244,1,gerente,RJ,1
01.437.589,1,proprietario,SP,1
01.446.719,1,socio,Outros,0
01.451.873,0,socio,RJ,0
01.454.574,1,gerente,RJ,0
01.463.378,1,proprietario,SP,0
01.496.170,0,proprietario,SP,0
01.496.359,1,gerente,Outros,0
01.502.091,1,outros,MG,0
01.502.510,1,gerente,SP,0
01.512.680,0,diretor,Outros,0
01.554.759,1,gerente,SC,0
01.556.786,1,diretor,Outros,1
01.561.279,1,gerente,BA,0
01.570.842,1,outros,SP,0
01.585.137,1,socio,SP,1
01.588.286,1,diretor,RS,0
01.588.839,1,gerente,Outros,1
01.597.017,1,proprietario,SP,1
01.612.795,1,gerente,Outros,1
01.614.298,1,diretor,SC,0
01.618.204,1,diretor,Outros,1
01.618.978,1,socio,MG,0
01.627.047,1,diretor,MG,0
01.647.381,1,gerente,GO,1
01.650.438,1,diretor,PR,0
01.657.287,1,outros,SP,1
01.661.067,1,gerente,SP,1
01.666.018,1,outros,MG,0
01.674.405,1,proprietario,MG,0
01.695.336,1,gerente,RJ,1
01.698.119,1,gerente,SP,0
01.731.676,1,diretor,SC,0
01.732.658,1,gerente,PB,1
01.734.015,1,diretor,SP,0
01.741.756,1,gerente,Outros,1
01.785.629,1,gerente,MG,0
01.799.612,1,diretor,SC,0
01.801.151,1,socio,MG,0
01.808.382,1,diretor,PR,0
01.818.827,1,proprietario,PR,1
01.830.145,1,diretor,Outros,1
01.834.475,1,diretor,Outros,1
01.843.064,1,gerente,SP,1
01.853.408,1,gerente,SP,0
01.861.984,1,gerente,SP,0
01.871.506,1,socio,MG,0
01.890.043,1,socio,PB,1
01.892.569,0,diretor,Outros,1
01.895.842,0,socio,GO,1
01.913.769,1,diretor,Outros,0
01.915.382,1,diretor,PR,0
01.922.461,1,gerente,SC,0
01.937.440,1,diretor,PR,0
01.956.134,1,gerente,SC,0
01.967.524,1,diretor,SC,0
01.982.960,1,socio,GO,0
01.984.600,1,gerente,SP,0
02.006.743,1,diretor,SP,0
02.019.761,0,socio,PB,0
02.050.781,1,diretor,Outros,1
02.059.753,1,gerente,MG,1
02.122.452,1,outros,PR,0
02.136.635,1,gerente,SP,0
02.137.337,0,gerente,SP,1
02.141.324,0,gerente,Outros,0
02.153.350,1,socio,PB,0
02.153.387,0,proprietario,Outros,1
02.171.304,1,diretor,GO,0
02.190.197,0,gerente,Outros,0
02.191.966,1,gerente,SC,0
02.200.717,1,socio,SP,0
02.210.644,0,diretor,RS,0
02.241.228,0,diretor,MG,0
02.241.402,1,gerente,Outros,1
02.254.737,1,gerente,SP,1
02.259.840,1,proprietario,SP,0
02.266.555,1,socio,BA,0
02.295.361,1,outros,PR,0
02.300.546,1,gerente,RS,0
02.300.995,1,diretor,SC,0
02.318.826,1,diretor,Outros,0
02.325.282,1,diretor,MG,0
02.328.280,1,outros,SP,0
02.341.494,1,diretor,PB,1
02.350.385,1,diretor,ES,0
02.372.131,1,diretor,SP,0
02.374.461,1,gerente,Outros,1
02.400.001,0,diretor,MG,0
02.433.453,1,diretor,RS,0
02.435.349,1,socio,SP,0
02.436.829,1,gerente,Outros,1
02.442.313,1,proprietario,SP,0
02.465.242,1,gerente,RJ,0
02.475.586,0,diretor,SC,0
02.492.735,1,diretor,PR,0
02.494.715,1,gerente,RS,0
02.496.910,1,gerente,MG,1
02.505.657,1,gerente,RS,0
02.505.848,1,gerente,RS,0
02.519.166,0,proprietario,PR,1
02.528.096,1,gerente,SP,0
02.556.936,1,outros,SP,0
02.574.772,1,gerente,PR,0
02.581.927,0,diretor,Outros,0
02.590.088,1,gerente,RS,1
02.622.166,1,proprietario,SP,0
02.627.526,1,diretor,RS,1
02.631.552,1,proprietario,MG,0
02.633.114,1,proprietario,RS,0
02.633.583,1,diretor,RS,0
02.653.810,1,socio,BA,0
02.666.249,1,outros,SP,0
02.681.594,0,socio,GO,1
02.708.521,1,socio,RS,1
02.709.291,1,socio,RJ,0
02.709.439,1,diretor,SC,0
02.714.518,1,socio,RJ,0
02.723.506,1,diretor,Outros,0
02.726.560,1,gerente,GO,0
02.737.600,1,diretor,RJ,1
02.758.232,1,socio,SP,1
02.761.178,1,proprietario,PR,1
02.764.943,0,proprietario,Outros,1
02.776.842,1,proprietario,Outros,0
02.788.492,1,gerente,SP,0
02.796.312,1,gerente,Outros,1
02.796.545,0,outros,RS,0
02.799.172,1,proprietario,SP,1
02.799.488,1,socio,GO,1
02.870.124,1,diretor,MG,0
02.871.155,1,diretor,Outros,0
02.909.918,0,outros,RJ,1
02.930.056,0,gerente,PB,1
02.940.206,0,gerente,Outros,0
02.942.192,1,proprietario,PR,0
02.944.292,1,diretor,SC,0
02.964.147,1,outros,SP,0
02.970.430,1,gerente,SP,1
02.973.203,1,socio,SP,0
02.999.066,1,socio,PR,0
03.011.765,1,diretor,Outros,1
03.021.596,1,socio,RS,1
03.043.667,1,socio,MG,0
03.052.564,1,diretor,Outros,0
03.067.571,0,diretor,Outros,1
03.078.411,0,diretor,ES,0
03.081.014,0,diretor,MG,0
03.090.813,1,gerente,MG,1
03.094.114,1,outros,RS,1
03.097.679,1,diretor,BA,0
03.108.902,1,socio,BA,0
03.117.224,1,proprietario,Outros,1
03.130.160,1,outros,MG,1
03.162.135,1,outros,MG,0
03.165.994,1,socio,Outros,0
03.169.677,1,socio,BA,0
03.173.153,0,diretor,Outros,0
03.174.409,1,diretor,Outros,1
03.199.822,1,proprietario,SP,1
03.209.450,1,gerente,SC,0
03.215.725,1,gerente,PB,0
03.217.800,0,gerente,SP,0
03.227.229,1,gerente,RS,0
03.229.138,1,gerente,SP,1
03.232.675,1,diretor,Outros,1
03.233.439,1,proprietario,Outros,1
03.234.959,0,socio,MG,0
03.247.073,0,outros,RS,0
03.251.483,1,proprietario,Outros,0
03.266.537,1,gerente,PR,0
03.270.464,0,proprietario,SC,0
03.278.237,1,proprietario,MG,0
03.299.955,1,diretor,GO,1
03.301.053,1,diretor,ES,0
03.303.820,1,diretor,PR,0
03.304.397,1,diretor,PR,0
03.307.982,1,diretor,Outros,0
03.313.948,1,socio,PB,0
03.317.169,1,socio,PB,0
03.325.436,1,gerente,PB,1
03.325.759,1,diretor,PR,0
03.334.170,1,diretor,SP,1
03.337.398,0,proprietario,RS,0
03.337.564,0,socio,Outros,1
03.341.775,1,gerente,RS,0
03.344.935,1,gerente,RS,0
03.350.624,1,proprietario,RS,0
03.357.962,1,diretor,PR,0
03.362.521,1,diretor,SC,0
03.368.702,0,proprietario,Outros,1
03.379.983,1,gerente,RS,0
03.384.528,0,socio,RS,0
03.423.466,1,gerente,ES,0
03.431.716,0,diretor,Outros,1
03.439.223,0,diretor,Outros,1
03.453.285,1,diretor,PR,0
03.456.707,1,socio,Outros,0
03.458.608,1,socio,MG,0
03.458.812,1,proprietario,RS,0
03.476.643,1,outros,PR,0
03.479.246,1,gerente,BA,0
03.483.889,1,proprietario,SP,0
03.488.146,1,gerente,SP,0
03.492.493,0,diretor,Outros,0
03.504.399,0,diretor,PR,0
03.514.701,1,socio,MG,0
03.521.203,1,diretor,PR,0
03.538.414,1,proprietario,SP,1
03.544.039,1,gerente,RS,0
03.548.401,1,diretor,Outros,0
03.564.571,1,gerente,RS,0
03.570.345,1,socio,RJ,0
03.593.637,0,proprietario,SP,0
03.629.957,1,outros,SP,0
03.631.175,1,gerente,ES,0
03.643.856,1,gerente,MG,1
03.644.204,1,diretor,ES,0
03.646.081,1,gerente,Outros,0
03.647.755,1,gerente,MG,0
03.658.692,1,gerente,Outros,1
03.664.720,1,socio,SC,0
03.677.243,0,gerente,MG,0
03.702.159,1,diretor,BA,0
03.711.070,1,diretor,SP,0
03.724.034,1,proprietario,SP,1
03.727.410,1,gerente,Outros,0
03.747.565,1,proprietario,Outros,0
03.757.669,1,diretor,MG,1
03.759.837,1,gerente,Outros,1
03.764.657,1,gerente,SP,0
03.769.330,1,socio,RS,0
03.785.640,1,diretor,BA,1
03.803.992,1,gerente,SP,1
03.823.190,1,socio,MG,0
03.827.514,0,proprietario,SP,0
03.831.403,1,gerente,SP,1
03.831.912,0,gerente,GO,1
03.838.222,1,socio,SP,0
03.845.628,0,diretor,MG,1
03.890.747,0,gerente,MG,1
03.906.072,0,diretor,Outros,1
03.909.051,1,outros,SP,1
03.919.614,1,gerente,MG,0
03.920.563,1,proprietario,Outros,1
03.930.702,1,diretor,RJ,0
03.933.842,1,gerente,PR,0
03.938.789,1,gerente,Outros,1
03.942.304,0,proprietario,SP,1
03.954.830,1,gerente,Outros,1
03.961.011,1,socio,PB,1
03.963.019,1,diretor,Outros,1
03.965.584,1,gerente,Outros,0
03.967.295,1,socio,SC,1
03.967.957,1,diretor,Outros,0
03.968.890,1,socio,SC,0
03.986.837,1,outros,SC,0
03.992.026,1,proprietario,Outros,0
04.002.624,1,outros,RS,0
04.008.822,1,gerente,RS,0
04.033.252,0,diretor,MG,0
04.035.148,1,proprietario,SC,0
04.038.581,1,socio,MG,0
04.060.950,0,diretor,Outros,0
04.071.002,1,gerente,SC,0
04.086.814,1,gerente,SP,0
04.098.359,1,diretor,MG,1
04.111.887,0,gerente,PB,1
04.139.584,1,socio,Outros,1
04.161.787,1,socio,SP,0
04.190.998,1,socio,Outros,0
04.209.501,1,outros,MG,0
04.211.092,0,gerente,RJ,1
04.230.195,0,diretor,Outros,1
04.233.396,0,gerente,MG,0
04.234.476,1,gerente,SC,0
04.236.920,1,diretor,Outros,1
04.236.977,1,diretor,Outros,1
04.238.998,0,diretor,PR,0
04.244.203,0,socio,SC,0
04.253.854,1,socio,RS,0
04.283.508,1,gerente,GO,1
04.284.184,0,gerente,SP,0
04.295.026,1,proprietario,MG,1
04.296.878,1,socio,RJ,0
04.302.216,1,outros,RJ,1
04.307.343,1,diretor,SP,1
04.326.648,1,gerente,Outros,1
04.335.788,1,diretor,PR,0
04.335.814,1,socio,RJ,0
04.357.004,1,outros,MG,1
04.360.895,1,diretor,Outros,0
04.377.477,1,socio,BA,0
04.382.020,1,gerente,RS,0
04.392.250,1,diretor,PR,1
04.395.275,0,diretor,PR,0
04.401.533,1,diretor,RJ,1
04.402.437,1,proprietario,ES,0
04.409.735,0,gerente,SP,0
04.415.268,1,diretor,ES,0
04.441.080,1,diretor,GO,0
04.475.592,0,diretor,SC,0
04.489.185,0,socio,MG,0
04.502.802,1,proprietario,RS,0
04.523.860,1,diretor,Outros,1
04.525.822,1,gerente,Outros,0
04.547.903,1,socio,MG,0
04.548.589,1,diretor,SP,0
04.560.557,1,gerente,SP,0
04.563.672,1,diretor,Outros,1
04.565.289,1,diretor,Outros,1
04.577.959,1,outros,RJ,1
04.582.164,0,gerente,Outros,1
04.596.181,1,diretor,Outros,0
04.602.431,1,gerente,SC,0
04.604.382,1,gerente,BA,1
04.620.892,1,diretor,ES,0
04.639.922,0,diretor,Outros,1
04.640.222,1,diretor,Outros,0
04.642.910,0,diretor,Outros,1
04.645.585,1,socio,SP,0
04.645.673,0,diretor,SP,0
04.647.090,1,gerente,SC,0
04.653.708,1,diretor,RJ,0
04.681.238,1,diretor,MG,0
04.695.085,0,diretor,MG,0
04.697.636,1,diretor,BA,0
04.719.485,1,diretor,Outros,0
04.724.476,1,diretor,Outros,1
04.728.623,1,diretor,Outros,0
04.732.762,1,diretor,PR,1
04.748.601,1,gerente,SP,1
04.760.257,1,socio,MG,0
04.766.840,1,socio,SP,0
04.774.910,1,proprietario,SC,0
04.776.058,0,socio,GO,1
04.784.802,1,outros,Outros,1
04.784.896,1,gerente,MG,0
04.787.941,1,diretor,Outros,1
04.800.789,1,diretor,MG,0
04.809.400,0,diretor,MG,0
04.817.833,1,outros,RJ,0
04.818.357,0,diretor,Outros,0
04.822.307,0,diretor,Outros,0
04.827.730,1,gerente,Outros,0
04.836.932,1,outros,SP,0
04.839.268,1,outros,SP,1
04.868.412,1,diretor,PR,0
04.869.051,0,proprietario,SP,0
04.876.042,0,gerente,MG,0
04.882.507,1,gerente,RS,0
04.887.648,0,socio,PR,0
04.901.407,1,socio,SP,1
04.901.585,1,gerente,RS,0
04.902.630,1,socio,RS,1
04.925.388,1,gerente,PR,0
04.928.674,1,gerente,SP,1
04.940.750,1,gerente,Outros,1
04.955.487,1,outros,Outros,0
04.961.452,0,outros,PB,1
04.965.200,0,diretor,ES,0
04.967.836,0,diretor,ES,0
04.974.172,0,diretor,Outros,1
04.974.441,1,proprietario,SP,0
05.000.927,1,gerente,RS,0
05.005.355,0,diretor,PR,0
05.010.299,1,proprietario,SP,0
05.020.208,1,diretor,SC,0
05.029.022,0,diretor,Outros,1
05.031.652,1,diretor,SC,0
05.034.218,1,gerente,SP,0
05.046.366,1,diretor,Outros,0
05.051.227,0,socio,RS,1
05.054.671,1,outros,Outros,1
05.055.584,1,proprietario,SP,1
05.056.530,1,diretor,GO,0
05.058.229,1,gerente,SP,0
05.064.800,0,proprietario,Outros,1
05.085.513,1,gerente,PR,0
05.089.654,1,gerente,PR,0
05.094.194,1,proprietario,GO,0
05.096.998,1,gerente,Outros,0
05.098.879,1,socio,BA,0
05.102.172,1,outros,SP,1
05.107.955,1,gerente,PR,0
05.127.341,1,socio,SC,0
05.135.053,1,gerente,PR,1
05.149.773,1,gerente,SP,1
05.161.788,1,socio,ES,0
05.194.398,1,diretor,Outros,0
05.199.105,1,diretor,SC,0
05.202.733,1,diretor,ES,0
05.220.925,0,gerente,PR,0
05.222.092,1,socio,GO,1
05.256.940,0,gerente,PR,0
05.259.736,1,proprietario,SP,0
05.268.105,1,diretor,MG,0
05.269.833,0,proprietario,ES,0
05.285.282,1,outros,PB,1
05.290.522,1,diretor,RJ,1
05.296.224,1,diretor,Outros,0
05.324.485,1,proprietario,MG,0
05.347.659,1,diretor,RJ,0
05.359.132,1,diretor,GO,0
05.361.954,0,gerente,PB,1
05.362.630,0,diretor,MG,0
05.382.203,0,outros,MG,0
05.391.089,0,proprietario,Outros,1
05.423.509,1,proprietario,RS,0
05.424.561,0,gerente,Outros,1
05.440.711,1,socio,MG,0
05.457.125,1,outros,SP,0
05.464.895,1,diretor,Outros,1
05.486.710,1,proprietario,MG,0
05.489.300,1,gerente,SP,1
05.492.166,1,diretor,Outros,0
05.494.378,1,gerente,SP,0
05.498.682,1,diretor,GO,0
05.502.804,1,proprietario,SP,0
05.503.617,0,diretor,Outros,0
05.510.660,1,diretor,Outros,1
05.524.572,1,diretor,RJ,1
05.538.620,1,diretor,Outros,1
05.542.037,0,socio,RJ,0
05.546.489,0,proprietario,SP,0
05.551.625,1,diretor,SC,0
05.555.431,1,diretor,SP,0
05.567.711,1,outros,SP,1
05.584.300,1,diretor,SC,0
05.592.179,0,diretor,SP,0
05.596.829,1,diretor,MG,1
05.601.232,0,proprietario,Outros,1
05.626.249,1,gerente,Outros,1
05.646.333,1,socio,Outros,1
05.647.897,1,diretor,Outros,0
05.656.738,1,gerente,MG,0
05.658.073,0,gerente,RS,0
05.679.882,1,diretor,MG,0
05.681.278,1,socio,MG,0
05.691.238,0,diretor,PR,0
05.697.322,1,gerente,PR,0
05.698.101,1,socio,BA,0
05.703.737,1,diretor,Outros,0
05.746.628,1,diretor,PR,0
05.750.447,0,diretor,Outros,1
05.755.563,1,gerente,PR,0
05.757.112,1,diretor,Outros,0
05.758.887,0,diretor,SC,0
05.767.080,1,diretor,PR,0
05.771.415,0,diretor,Outros,0
05.782.891,1,diretor,Outros,0
05.798.383,1,outros,SP,0
05.821.946,1,diretor,PR,0
05.845.702,0,diretor,MG,0
05.851.317,1,socio,MG,0
05.868.733,0,diretor,GO,0
05.877.639,1,diretor,Outros,1
05.879.389,1,diretor,RS,0
05.882.678,1,gerente,PB,1
05.897.963,1,diretor,Outros,0
05.915.821,1,diretor,Outros,1
05.923.435,1,socio,RJ,1
05.931.176,1,diretor,SP,0
05.931.640,1,socio,RJ,1
05.940.799,1,socio,PB,0
05.948.313,0,socio,RS,0
05.958.703,0,gerente,PR,0
05.991.791,1,proprietario,SP,0
05.993.601,0,diretor,SC,0
05.997.742,1,gerente,ES,0
06.023.421,0,socio,ES,0
06.035.543,1,outros,Outros,1
06.042.126,1,diretor,Outros,0
06.042.651,1,gerente,SP,1
06.049.258,1,outros,Outros,1
06.053.436,1,diretor,Outros,1
06.066.618,1,proprietario,SC,0
06.067.703,0,proprietario,Outros,0
06.069.276,1,gerente,SP,1
06.090.977,1,diretor,SP,0
06.097.090,1,proprietario,RS,0
06.097.777,0,gerente,SP,0
06.102.789,0,diretor,Outros,0
06.111.334,1,socio,MG,1
06.116.542,1,diretor,Outros,1
06.127.560,1,diretor,MG,0
06.134.846,1,diretor,SP,0
06.135.402,0,diretor,PR,0
06.136.007,1,socio,SP,0
06.145.778,0,proprietario,RS,0
06.148.166,0,diretor,Outros,1
06.161.433,0,diretor,PR,0
06.165.285,0,socio,BA,0
06.168.597,1,outros,PR,1
06.175.536,1,outros,Outros,0
06.183.455,1,proprietario,SP,0
06.185.537,0,gerente,Outros,1
06.186.733,1,diretor,Outros,1
06.186.735,0,diretor,PR,0
06.194.261,0,diretor,Outros,0
06.203.464,1,proprietario,SC,0
06.208.105,1,gerente,RS,0
06.225.952,1,diretor,SC,0
06.229.799,0,gerente,SP,1
06.235.812,1,gerente,SP,0
06.241.044,0,gerente,MG,0
06.251.245,1,gerente,ES,0
06.251.333,1,socio,RJ,0
06.252.839,1,socio,BA,1
06.254.518,1,proprietario,MG,0
06.255.692,1,gerente,SC,0
06.264.796,1,diretor,ES,0
06.269.345,1,diretor,RS,1
06.270.064,0,socio,RS,0
06.274.668,0,gerente,RS,1
06.281.096,1,gerente,PR,0
06.284.578,1,socio,Outros,0
06.286.431,1,socio,MG,0
06.313.235,1,diretor,Outros,0
06.317.393,1,diretor,Outros,0
06.322.290,1,proprietario,SC,0
06.325.805,1,socio,Outros,1
06.327.037,1,outros,PR,1
06.345.266,1,diretor,Outros,1
06.355.217,1,diretor,MG,0
06.368.042,1,diretor,PB,0
06.373.063,1,gerente,SP,0
06.376.945,1,gerente,MG,0
06.697.090,1,gerente,Outros,0
06.698.109,0,gerente,PR,0
06.746.643,1,gerente,SP,0
06.867.080,1,proprietario,MG,0
06.871.927,1,socio,MG,1
06.888.182,0,outros,PR,0
06.890.941,1,socio,Outros,1
06.894.715,1,diretor,SP,0
06.895.798,0,socio,PB,1
06.912.628,1,proprietario,Outros,1
06.924.952,1,outros,MG,1
06.945.970,0,diretor,Outros,1
06.948.119,1,diretor,SP,0
06.950.555,0,diretor,SC,0
06.951.519,1,diretor,SP,0
06.955.557,1,gerente,ES,0
06.959.021,1,diretor,SC,0
06.979.844,0,diretor,Outros,1
06.983.881,0,socio,MG,0
06.987.041,0,diretor,Outros,0
07.011.212,1,gerente,Outros,1
07.015.016,1,diretor,RJ,0
07.016.026,1,socio,MG,0
07.036.880,1,socio,GO,1
07.054.332,1,proprietario,Outros,0
07.058.974,0,diretor,Outros,1
07.063.698,1,gerente,SP,1
07.063.949,1,socio,SP,0
07.073.042,1,gerente,Outros,1
07.086.360,1,gerente,MG,0
07.102.721,1,diretor,GO,0
07.103.283,1,socio,Outros,0
07.103.642,1,diretor,ES,0
07.122.025,1,gerente,ES,0
07.132.068,1,diretor,Outros,1
07.132.332,1,socio,PB,0
07.133.563,1,proprietario,Outros,0
07.134.477,1,gerente,RS,0
07.145.027,1,gerente,Outros,1
07.162.838,0,diretor,Outros,0
07.176.362,0,diretor,BA,0
07.177.541,1,diretor,Outros,1
07.180.178,1,diretor,ES,0
07.195.511,1,proprietario,PR,1
07.196.139,1,diretor,Outros,0
07.197.465,1,outros,Outros,1
07.212.811,1,diretor,Outros,0
07.220.874,1,proprietario,Outros,1
07.223.579,1,gerente,SP,0
07.225.332,1,diretor,PR,0
07.232.615,0,gerente,Outros,0
07.235.789,1,socio,Outros,0
07.243.002,1,gerente,Outros,0
07.244.914,0,socio,Outros,1
07.262.290,0,proprietario,Outros,0
07.268.462,1,diretor,PR,0
07.283.054,0,socio,Outros,1
07.284.868,0,gerente,Outros,0
07.298.131,1,diretor,PR,1
07.328.256,1,gerente,Outros,1
07.350.344,1,gerente,BA,0
07.361.233,1,diretor,Outros,1
07.361.356,0,diretor,MG,0
07.370.836,1,socio,Outros,1
07.386.356,0,proprietario,PR,0
07.403.484,1,gerente,SP,1
07.424.022,0,gerente,PB,0
07.429.774,1,diretor,ES,0
07.432.416,1,diretor,PR,0
07.447.199,0,diretor,ES,0
07.453.115,1,gerente,MG,0
07.460.162,0,diretor,SC,0
07.462.961,1,gerente,Outros,1
07.487.711,1,socio,ES,0
07.500.990,1,proprietario,SC,0
07.503.564,1,diretor,SP,1
07.507.370,1,proprietario,SC,0
07.522.017,0,gerente,PB,0
07.527.737,1,gerente,Outros,0
07.534.221,1,proprietario,RS,0
07.553.862,1,gerente,Outros,0
07.555.950,1,proprietario,Outros,1
07.571.746,1,socio,ES,0
07.575.881,1,socio,PB,1
07.579.025,1,diretor,PR,0
07.580.204,1,diretor,MG,1
07.580.415,1,socio,RJ,0
07.593.016,1,outros,Outros,1
07.601.894,0,gerente,PR,0
07.606.538,1,diretor,Outros,1
07.610.069,0,gerente,MG,0
07.612.398,0,proprietario,Outros,1
07.620.879,1,socio,RS,0
07.632.502,1,diretor,SP,0
07.633.719,1,gerente,SP,0
07.635.773,1,proprietario,Outros,0
07.641.734,1,diretor,Outros,1
07.643.876,0,gerente,RS,0
07.644.534,1,socio,RJ,0
07.654.975,1,diretor,Outros,0
07.656.322,1,gerente,SC,0
07.672.060,1,diretor,MG,0
07.677.731,1,gerente,ES,0
07.703.052,0,diretor,SP,0
07.709.146,1,diretor,SP,1
07.716.123,1,outros,Outros,1
07.753.970,0,diretor,SC,0
07.755.924,1,diretor,PR,0
07.758.693,1,gerente,SP,0
07.764.398,1,diretor,Outros,1
07.767.747,1,gerente,MG,0
07.769.624,0,gerente,SP,0
07.779.699,1,diretor,GO,0
07.780.442,1,gerente,SP,0
07.784.847,1,diretor,GO,0
07.802.628,0,proprietario,BA,0
07.805.002,0,diretor,Outros,1
07.805.442,1,gerente,RJ,0
07.809.939,1,diretor,RS,0
07.811.641,1,socio,Outros,1
07.816.376,1,gerente,SC,0
07.829.648,0,gerente,GO,0
07.833.708,1,gerente,PB,1
07.871.613,1,diretor,MG,0
07.873.061,0,proprietario,GO,0
07.877.700,1,proprietario,Outros,1
07.888.247,1,diretor,Outros,0
07.891.454,1,diretor,ES,0
07.913.412,1,outros,RS,0
07.922.139,1,socio,Outros,1
07.922.210,0,proprietario,Outros,1
07.924.408,1,gerente,RS,0
07.932.466,1,proprietario,MG,0
07.939.422,0,gerente,Outros,1
07.966.787,0,diretor,PB,1
07.980.195,1,proprietario,SC,0
07.981.334,0,gerente,Outros,0
07.996.048,1,socio,PB,0
07.996.662,1,proprietario,Outros,0
08.003.302,0,diretor,PR,0
08.012.514,0,proprietario,PB,1
08.017.542,1,gerente,RJ,1
08.024.836,1,gerente,SP,1
08.039.087,1,outros,PB,1
08.043.624,1,diretor,MG,0
08.044.633,0,diretor,PR,0
08.045.747,1,gerente,SP,1
08.056.881,0,socio,PB,1
08.061.801,0,diretor,Outros,0
08.070.984,1,gerente,SP,0
08.074.153,1,proprietario,SP,0
08.076.772,0,socio,MG,0
08.084.898,1,gerente,SP,1
08.085.980,0,proprietario,Outros,1
08.090.575,1,outros,Outros,0
08.091.562,1,diretor,MG,0
08.094.471,1,outros,ES,0
08.099.759,1,diretor,SC,0
08.102.628,0,diretor,Outros,1
08.152.769,1,diretor,SP,1
08.156.343,0,diretor,MG,0
08.158.720,1,gerente,SC,0
08.165.642,1,diretor,SP,0
08.168.789,0,proprietario,RS,0
08.168.990,1,diretor,Outros,1
08.175.410,1,proprietario,Outros,0
08.183.516,0,socio,SP,0
08.184.177,0,proprietario,PR,0
08.198.728,1,socio,Outros,1
08.202.230,0,diretor,MG,0
08.208.384,1,diretor,Outros,1
08.220.952,1,outros,Outros,1
08.226.396,1,diretor,SP,1
08.233.852,1,proprietario,SP,0
08.266.567,1,diretor,Outros,1
08.285.458,0,diretor,SC,0
08.293.290,1,diretor,SP,1
08.307.549,0,diretor,PR,0
08.308.196,1,gerente,SP,0
08.320.251,0,gerente,PB,0
08.342.659,0,proprietario,PR,1
08.345.565,1,diretor,Outros,1
08.359.402,0,diretor,PR,0
08.362.099,1,diretor,BA,0
08.394.222,1,gerente,MG,0
08.397.374,1,gerente,Outros,1
08.405.367,1,socio,PB,0
08.407.768,1,gerente,RS,0
08.408.420,0,gerente,Outros,0
08.408.736,1,diretor,Outros,1
08.409.951,1,proprietario,PR,0
08.413.139,1,socio,MG,0
08.415.791,1,outros,Outros,1
08.419.352,1,gerente,PB,0
08.435.402,1,socio,MG,0
08.483.271,1,socio,RJ,0
08.497.479,0,diretor,Outros,0
08.509.057,1,gerente,BA,0
08.512.037,1,gerente,ES,0
08.513.395,1,diretor,PR,1
08.516.021,0,proprietario,MG,0
08.519.091,1,diretor,Outros,1
08.527.918,1,socio,SP,0
08.572.740,1,gerente,PR,0
08.592.880,1,gerente,PR,0
08.595.107,0,diretor,RJ,0
08.596.794,0,diretor,Outros,1
08.609.841,1,diretor,GO,0
08.625.249,1,gerente,MG,0
08.629.915,1,gerente,PR,0
08.638.477,1,diretor,Outros,1
08.643.551,1,diretor,RS,0
08.644.095,1,diretor,SC,0
08.645.856,0,diretor,Outros,1
08.650.571,1,outros,RJ,1
08.665.540,1,proprietario,SP,0
08.666.279,1,gerente,PB,1
08.676.162,1,proprietario,SP,0
08.676.186,1,socio,RS,1
08.680.761,1,diretor,PB,0
08.686.745,0,diretor,GO,0
08.706.145,1,gerente,ES,0
08.719.139,1,diretor,PR,0
08.753.822,1,diretor,PR,0
08.755.245,1,proprietario,SC,0
08.764.498,0,gerente,MG,0
08.777.540,1,diretor,MG,0
08.787.414,1,proprietario,Outros,0
08.792.716,1,gerente,PR,0
08.797.179,0,gerente,PB,0
08.800.073,0,diretor,Outros,0
08.800.999,1,proprietario,SP,0
08.804.496,1,diretor,SP,0
08.811.946,1,diretor,GO,0
08.840.653,1,diretor,MG,0
08.848.231,1,proprietario,Outros,0
08.852.278,0,diretor,MG,0
08.857.972,1,diretor,Outros,1
08.858.785,1,outros,Outros,0
08.869.670,1,gerente,ES,0
08.889.167,1,gerente,PR,1
08.896.304,1,gerente,GO,0
08.897.231,0,diretor,Outros,0
08.923.352,1,diretor,Outros,1
08.929.256,1,gerente,PR,0
08.950.231,1,diretor,SC,0
08.955.306,0,gerente,SC,0
08.956.564,0,proprietario,SP,0
08.958.590,1,socio,Outros,1
08.960.925,0,diretor,Outros,0
08.964.014,1,gerente,ES,0
08.976.456,0,proprietario,SP,0
08.981.924,0,gerente,PB,1
09.005.062,1,diretor,Outros,0
09.010.658,1,gerente,GO,0
09.020.586,1,gerente,PR,1
09.033.808,1,socio,MG,0
09.043.891,1,socio,Outros,0
09.049.515,1,socio,Outros,1
09.051.313,1,diretor,SP,0
09.063.709,1,socio,GO,0
09.066.241,1,outros,BA,0
09.080.623,1,socio,Outros,0
09.082.724,1,socio,SP,0
09.084.080,1,proprietario,PR,0
09.084.636,0,diretor,Outros,0
09.093.402,1,socio,PB,0
09.107.779,1,gerente,Outros,0
09.111.271,1,diretor,PR,0
09.120.837,1,diretor,Outros,0
09.185.386,0,diretor,Outros,0
09.185.563,0,socio,MG,0
09.201.403,1,diretor,ES,0
09.203.106,0,diretor,Outros,0
09.205.182,1,gerente,RJ,0
09.211.513,0,proprietario,PR,0
09.228.964,1,gerente,SP,1
09.243.456,1,diretor,GO,0
09.249.662,1,gerente,SC,0
09.252.701,1,socio,PB,0
09.255.194,0,diretor,PR,0
09.258.807,1,gerente,PB,1
09.260.641,1,socio,SP,1
09.266.082,0,socio,RS,1
09.266.399,0,diretor,Outros,0
09.270.726,0,proprietario,SP,1
09.284.125,0,socio,RS,0
09.298.828,0,diretor,MG,0
09.340.562,0,diretor,MG,0
09.354.947,0,proprietario,PR,0
09.359.577,1,proprietario,SP,0
09.361.480,1,diretor,SP,0
09.367.315,1,diretor,SP,0
09.369.300,1,diretor,Outros,1
09.369.816,0,diretor,SP,0
09.377.248,1,gerente,RS,0
09.409.063,1,gerente,SP,0
09.427.397,1,gerente,RJ,0
09.451.673,1,socio,SP,1
09.452.900,1,diretor,ES,1
09.461.008,1,diretor,Outros,0
09.462.205,0,proprietario,Outros,0
09.462.690,0,gerente,Outros,0
09.463.239,1,diretor,RS,1
09.466.058,1,diretor,SP,1
09.480.866,0,proprietario,SP,0
09.502.108,1,gerente,PB,1
09.512.246,1,gerente,Outros,0
09.514.622,1,diretor,SC,0
09.534.919,1,gerente,Outros,1
09.535.606,1,diretor,GO,0
09.540.879,1,proprietario,SC,0
09.550.998,0,gerente,RS,1
09.552.818,1,outros,BA,1
09.557.529,0,gerente,Outros,0
09.561.037,1,gerente,PR,0
09.571.882,1,diretor,RJ,1
09.574.297,0,diretor,Outros,0
09.574.359,0,outros,SC,0
09.586.460,1,gerente,SP,0
09.593.374,1,gerente,GO,1
09.602.795,1,socio,SP,0
09.605.795,0,diretor,MG,0
09.606.263,1,gerente,Outros,0
09.607.358,0,gerente,RS,0
09.634.151,0,gerente,PB,1
09.641.940,1,socio,MG,0
09.753.377,1,gerente,Outros,1
09.994.633,1,socio,Outros,0
10.156.893,1,diretor,Outros,0
10.213.051,1,diretor,SP,0
10.249.681,1,outros,ES,0
10.254.133,1,diretor,MG,1
10.254.580,0,gerente,Outros,0
10.255.580,0,diretor,SP,0
10.261.282,1,diretor,SP,0
10.269.578,1,diretor,Outros,0
10.275.054,1,socio,Outros,0
10.276.666,1,diretor,Outros,0
10.284.010,0,diretor,GO,0
10.293.725,1,diretor,GO,0
10.299.567,1,diretor,SP,0
10.302.616,1,diretor,Outros,0
10.305.884,0,proprietario,SP,0
10.309.950,1,outros,Outros,0
10.323.669,1,diretor,RJ,0
10.328.828,1,diretor,BA,1
10.331.865,0,diretor,Outros,0
10.334.817,1,diretor,MG,0
10.335.328,1,gerente,PR,0
10.339.868,0,proprietario,RS,0
10.350.818,1,diretor,SP,1
10.355.593,0,proprietario,Outros,0
10.363.353,0,gerente,BA,0
10.370.780,1,diretor,Outros,1
10.372.062,0,socio,SP,1
10.382.132,1,diretor,MG,0
10.383.317,1,diretor,RS,0
10.409.250,1,proprietario,RJ,0
10.421.001,0,diretor,Outros,1
10.425.814,0,outros,Outros,0
10.438.110,1,proprietario,SP,0
10.438.818,0,gerente,BA,0
10.458.775,1,gerente,SC,0
10.460.803,1,gerente,PR,0
10.466.983,1,outros,RS,0
10.468.907,1,proprietario,RS,0
10.469.921,0,proprietario,PR,0
10.470.815,0,diretor,Outros,1
10.499.287,1,diretor,MG,0
10.500.060,1,diretor,Outros,0
10.508.023,1,socio,Outros,1
10.508.454,0,gerente,SP,0
10.531.228,1,proprietario,PR,0
10.536.375,0,proprietario,SC,0
10.547.755,0,socio,PB,0
10.552.806,1,diretor,RS,0
10.557.229,0,diretor,Outros,1
10.557.524,1,proprietario,PB,0
10.559.257,1,diretor,ES,0
10.562.798,1,diretor,PR,1
10.576.864,1,socio,MG,0
10.597.116,1,proprietario,PR,0
10.630.328,0,gerente,MG,1
10.635.169,1,socio,Outros,0
10.643.999,1,gerente,SP,0
10.644.834,0,gerente,Outros,1
10.647.838,1,diretor,MG,0
10.647.979,1,diretor,SP,0
10.658.925,0,socio,RS,0
10.662.293,1,diretor,Outros,1
10.672.503,0,socio,Outros,1
10.678.505,1,gerente,SP,0
10.679.012,1,proprietario,Outros,1
10.680.547,1,outros,SP,0
10.698.379,0,diretor,Outros,0
10.702.791,1,outros,SP,0
10.704.462,1,gerente,SC,0
10.705.634,1,diretor,Outros,1
10.734.070,1,proprietario,Outros,1
10.735.979,1,proprietario,SC,0
10.744.425,1,diretor,MG,0
10.747.933,0,proprietario,PR,0
10.750.264,1,diretor,ES,0
10.750.532,0,socio,ES,0
10.760.416,1,socio,SP,1
10.778.782,1,diretor,PR,0
10.784.589,1,diretor,PR,0
10.787.871,1,socio,RS,0
10.789.365,0,gerente,SC,0
10.795.414,1,outros,SP,0
10.797.407,1,proprietario,Outros,1
10.804.427,0,diretor,RS,0
10.807.173,1,diretor,RS,1
10.810.580,0,diretor,GO,0
10.827.286,1,diretor,SP,0
10.835.896,1,gerente,RS,0
10.838.786,1,gerente,SP,0
10.839.911,1,outros,SP,1
10.852.800,1,gerente,RS,0
10.857.182,1,socio,SP,0
10.867.609,0,proprietario,Outros,1
10.872.023,0,diretor,Outros,1
10.879.024,1,gerente,BA,0
10.885.840,1,diretor,GO,0
10.895.537,0,proprietario,Outros,0
10.896.486,1,gerente,Outros,1
10.898.590,0,outros,PB,1
10.900.422,1,proprietario,Outros,0
10.902.052,0,diretor,PB,1
10.916.198,1,proprietario,SP,0
10.918.532,1,gerente,GO,0
10.918.655,1,diretor,Outros,1
10.922.298,0,proprietario,Outros,1
10.927.013,1,diretor,RS,0
10.929.764,0,diretor,Outros,0
10.930.490,0,socio,PR,0
10.940.525,1,gerente,PB,0
10.948.789,1,diretor,SC,0
10.948.845,1,proprietario,ES,0
10.971.171,0,socio,MG,1
10.975.214,1,diretor,SP,0
10.988.629,0,proprietario,Outros,1
10.988.827,1,proprietario,PB,1
10.989.954,1,diretor,SP,1
11.009.353,0,diretor,MG,0
11.012.524,1,diretor,SC,0
11.028.793,1,diretor,Outros,1
11.032.288,1,gerente,SP,1
11.032.428,1,diretor,SC,0
11.046.024,1,socio,RJ,0
11.055.706,1,proprietario,PR,0
11.056.737,1,proprietario,Outros,1
11.066.044,0,gerente,SP,0
11.069.547,1,proprietario,SP,0
11.070.478,1,diretor,MG,0
11.092.359,0,socio,BA,0
11.093.357,1,diretor,MG,0
11.094.287,1,diretor,Outros,1
11.097.305,1,gerente,PR,0
11.105.698,1,diretor,Outros,1
11.117.229,0,proprietario,SP,0
11.123.806,1,diretor,GO,1
11.124.629,1,gerente,SC,0
11.174.353,1,proprietario,BA,0
11.177.288,1,socio,Outros,1
11.178.032,1,outros,BA,1
11.193.748,0,diretor,SC,0
11.195.521,0,diretor,Outros,1
11.197.629,0,diretor,MG,0
11.203.273,1,proprietario,Outros,1
11.236.127,1,diretor,SP,0
11.255.180,1,diretor,GO,1
11.282.794,1,socio,MG,0
11.291.682,1,gerente,SC,0
11.306.830,1,diretor,SC,0
11.315.630,1,gerente,SP,0
11.317.175,1,socio,Outros,1
11.323.058,0,socio,Outros,0
11.331.612,1,proprietario,SC,0
11.348.519,0,proprietario,PR,0
11.372.084,0,diretor,PB,1
11.377.922,1,proprietario,SP,0
11.390.068,0,diretor,Outros,0
11.412.261,0,socio,RJ,1
11.428.917,1,socio,BA,0
11.431.102,0,diretor,Outros,0
11.431.803,1,diretor,MG,0
11.443.543,1,gerente,Outros,1
11.457.593,1,outros,RS,0
11.458.316,1,diretor,SP,0
11.460.795,1,proprietario,BA,0
11.478.446,1,diretor,Outros,1
11.487.996,1,diretor,Outros,0
11.489.729,1,gerente,PR,0
11.504.997,1,gerente,MG,0
11.507.189,1,socio,Outros,0
11.507.592,1,socio,PB,0
11.517.243,1,gerente,MG,1
11.520.436,0,diretor,PB,1
11.549.164,0,diretor,PR,0
11.582.015,0,proprietario,SP,0
11.587.587,0,socio,MG,0
11.595.217,1,diretor,Outros,1
11.622.914,1,diretor,MG,0
11.633.345,1,gerente,RJ,0
11.657.758,1,socio,RJ,0
11.665.366,0,proprietario,SP,0
11.666.822,1,diretor,Outros,0
11.681.696,1,proprietario,Outros,1
11.708.949,0,proprietario,SC,0
11.718.326,1,gerente,PR,0
11.748.537,1,diretor,SC,0
11.758.701,1,gerente,SC,0
11.761.192,1,diretor,SC,0
11.859.102,1,socio,Outros,0
11.861.190,1,diretor,PR,0
11.907.543,1,diretor,Outros,1
11.908.026,0,socio,Outros,0
11.954.058,0,socio,PB,0
12.011.727,1,gerente,SP,0
12.030.744,1,diretor,MG,0
12.034.507,0,proprietario,Outros,1
12.040.718,0,proprietario,PB,1
12.044.488,0,gerente,PB,0
12.046.775,0,socio,Outros,0
12.048.604,0,diretor,PR,0
12.060.486,0,diretor,PR,0
12.065.639,1,proprietario,SP,0
12.073.225,0,diretor,Outros,1
12.077.832,0,diretor,ES,0
12.082.134,0,proprietario,Outros,1
12.087.558,1,socio,RS,0
12.103.225,1,socio,RJ,0
12.103.781,1,outros,Outros,0
12.106.088,1,diretor,Outros,0
12.106.914,1,diretor,Outros,0
12.122.176,1,diretor,Outros,1
12.128.511,0,proprietario,PR,0
12.136.415,1,outros,SP,1
12.158.137,1,gerente,SP,1
12.193.390,0,socio,PB,0
12.209.309,1,proprietario,SP,0
12.211.092,1,gerente,BA,0
12.228.949,0,socio,Outros,1
12.232.461,0,socio,RS,0
12.245.651,0,outros,SP,0
12.253.352,0,socio,BA,0
12.257.959,1,proprietario,SP,0
12.260.426,1,gerente,SP,0
12.275.916,0,proprietario,SP,0
12.288.766,0,socio,BA,0
12.296.249,1,socio,SP,0
12.301.257,0,proprietario,PB,1
12.315.907,1,socio,MG,0
12.316.361,1,outros,SP,1
12.322.468,1,proprietario,BA,0
12.324.509,1,socio,BA,0
12.334.060,1,gerente,SP,0
12.353.509,0,proprietario,Outros,1
12.362.783,0,proprietario,Outros,1
12.382.653,0,diretor,Outros,0
12.387.803,1,diretor,PR,0
12.407.691,1,diretor,PR,0
12.409.310,0,proprietario,RS,0
12.444.558,1,gerente,SP,1
12.450.551,1,outros,SP,0
12.471.780,0,socio,RS,0
12.489.956,1,diretor,GO,1
12.491.870,1,socio,SP,0
12.494.315,1,socio,RS,1
12.518.538,0,gerente,BA,0
12.519.617,0,proprietario,Outros,1
12.541.618,1,socio,RS,1
12.542.886,1,socio,GO,1
12.554.626,0,socio,PB,1
12.556.078,1,gerente,MG,0
12.565.336,0,socio,PR,0
12.574.659,1,proprietario,SC,0
12.605.561,1,diretor,Outros,1
12.611.331,1,socio,PB,1
12.620.902,0,proprietario,PB,1
12.631.745,1,diretor,Outros,0
12.640.188,0,socio,PB,1
12.645.814,1,diretor,Outros,0
12.646.952,1,diretor,RS,0
12.657.402,1,gerente,SP,0
12.666.840,1,diretor,MG,0
12.681.144,1,socio,PB,0
12.719.213,0,socio,Outros,1
12.775.390,0,diretor,SP,0
12.817.973,0,diretor,Outros,0
12.818.486,1,gerente,Outros,1
12.819.074,1,gerente,Outros,0
12.825.598,1,gerente,ES,0
12.862.354,1,diretor,MG,0
12.932.679,1,gerente,PB,1
12.935.253,0,diretor,GO,0
12.941.948,1,proprietario,SC,0
12.984.298,0,diretor,PR,0
12.985.357,1,diretor,RS,0
12.986.517,1,diretor,Outros,1
12.988.743,1,gerente,PB,1
13.002.691,0,proprietario,PR,1
13.005.963,0,diretor,GO,0
13.019.479,1,socio,RJ,0
13.032.743,1,gerente,BA,0
13.038.672,1,diretor,PR,0
13.043.748,1,socio,Outros,0
13.053.302,1,outros,MG,0
13.055.281,0,diretor,MG,0
13.076.887,1,diretor,RJ,1
13.080.196,0,socio,Outros,0
13.085.372,1,diretor,SP,0
13.090.544,0,proprietario,PR,0
13.091.403,1,proprietario,RS,0
13.138.835,1,diretor,SP,0
13.158.698,1,diretor,GO,1
13.165.679,0,diretor,Outros,0
13.213.280,0,socio,GO,1
13.226.507,1,gerente,ES,0
13.240.222,1,gerente,SP,0
13.254.104,1,diretor,ES,0
13.258.100,0,diretor,Outros,1
13.269.050,1,diretor,PB,1
13.301.605,1,diretor,RJ,0
13.305.599,0,socio,GO,0
13.324.442,1,diretor,SC,0
13.327.196,1,diretor,Outros,0
13.349.563,1,socio,ES,0
13.350.659,1,diretor,ES,0
13.353.158,1,diretor,SP,0
13.358.859,0,gerente,Outros,1
13.375.350,0,diretor,SP,0
13.376.874,0,proprietario,PR,0
13.387.328,0,proprietario,RS,0
13.406.285,1,outros,RJ,1
13.407.016,1,diretor,MG,0
13.433.908,1,gerente,SP,0
13.434.315,1,diretor,PR,0
13.435.556,1,proprietario,Outros,0
13.442.303,1,diretor,Outros,0
13.444.788,1,proprietario,PR,0
13.461.436,1,socio,RJ,1
13.471.578,1,gerente,BA,0
13.473.077,0,gerente,ES,0
13.486.570,0,diretor,SC,0
13.487.115,1,gerente,SP,1
13.545.808,1,socio,Outros,0
13.554.820,1,proprietario,ES,0
13.563.356,1,socio,SP,1
13.591.752,0,diretor,Outros,1
13.591.814,1,diretor,MG,1
13.621.003,1,socio,MG,0
13.631.063,0,diretor,Outros,0
13.631.347,1,diretor,PR,1
13.648.760,1,gerente,RJ,0
13.682.404,0,socio,Outros,0
13.687.732,1,diretor,SC,0
13.716.704,0,diretor,Outros,1
13.718.289,0,gerente,Outros,1
13.719.780,1,socio,SP,0
13.727.240,1,diretor,SP,0
13.742.011,1,socio,RJ,0
13.770.155,0,proprietario,PR,0
13.773.968,1,proprietario,PR,0
13.787.042,1,proprietario,SC,0
13.787.367,1,proprietario,SC,0
13.860.137,1,gerente,SP,0
13.880.865,0,socio,BA,0
13.882.334,1,diretor,SP,0
13.905.150,0,diretor,Outros,0
13.909.952,0,diretor,Outros,1
13.921.195,1,socio,SP,1
13.928.868,1,diretor,ES,0
13.970.237,1,diretor,GO,0
13.988.921,0,diretor,MG,0
13.992.299,0,diretor,PB,0
13.993.252,0,proprietario,Outros,1
14.035.190,0,proprietario,Outros,0
14.043.480,1,socio,RS,0
14.078.801,1,proprietario,SP,0
14.120.102,0,socio,Outros,0
14.132.463,0,diretor,Outros,0
14.136.525,1,gerente,RS,1
14.148.533,1,gerente,Outros,0
14.160.653,1,diretor,GO,0
14.170.909,1,gerente,SC,0
14.174.326,1,socio,SP,1
14.182.952,1,socio,RS,0
14.203.844,1,gerente,SC,0
14.213.775,0,diretor,Outros,0
14.223.887,1,gerente,BA,0
14.234.881,1,outros,SP,1
14.271.042,1,diretor,MG,0
14.299.253,0,diretor,MG,0
14.299.733,0,diretor,PR,0
14.303.182,1,diretor,ES,0
14.311.063,1,socio,SP,1
14.313.648,0,proprietario,Outros,1
14.316.582,0,diretor,Outros,0
14.319.598,1,outros,SP,0
14.372.807,1,gerente,RS,0
14.379.664,0,proprietario,PR,1
14.395.237,0,diretor,Outros,0
14.436.310,1,gerente,ES,0
14.460.993,0,outros,GO,0
14.485.154,0,diretor,PR,0
14.496.741,0,proprietario,Outros,1
14.505.945,1,socio,Outros,1
14.506.145,1,socio,BA,0
14.524.386,0,diretor,MG,0
14.526.365,1,socio,SC,0
14.536.920,0,socio,RJ,0
14.543.616,0,gerente,RJ,0
14.553.607,1,socio,SP,1
14.608.039,0,proprietario,PB,0
14.610.398,1,gerente,Outros,0
14.616.875,1,diretor,MG,1
14.628.808,1,diretor,Outros,0
14.661.108,1,gerente,Outros,1
14.671.177,1,proprietario,Outros,0
14.681.190,1,socio,MG,0
14.688.220,1,gerente,SP,0
14.704.986,1,gerente,SP,0
14.713.301,1,diretor,Outros,0
14.752.034,0,proprietario,BA,1
14.752.202,1,diretor,GO,0
14.755.524,1,diretor,BA,0
14.769.946,1,gerente,SP,1
14.785.048,0,socio,ES,0
14.797.572,0,gerente,MG,0
14.804.740,1,gerente,SP,0
14.900.813,0,diretor,MG,0
14.915.329,1,gerente,PB,1
14.928.256,1,diretor,RS,0
14.957.458,1,socio,SP,0
14.972.371,0,socio,RJ,0
15.009.178,1,diretor,Outros,0
15.025.071,1,gerente,RJ,1
15.038.402,1,socio,ES,0
15.043.578,0,socio,MG,0
15.050.027,0,socio,SC,0
15.058.185,0,proprietario,PR,0
15.066.184,1,socio,SP,0
15.069.445,1,socio,RS,1
15.071.146,1,socio,SP,0
15.101.228,1,diretor,BA,0
15.103.383,1,gerente,RS,1
15.119.679,1,socio,PR,1
15.129.315,1,outros,SP,0
15.169.111,1,proprietario,SP,0
15.174.181,1,gerente,MG,1
15.186.966,1,diretor,Outros,0
15.245.792,1,diretor,SC,0
15.261.806,1,gerente,Outros,1
15.271.913,1,diretor,PR,0
15.272.431,0,proprietario,Outros,0
15.272.822,0,diretor,Outros,0
15.281.570,0,socio,SC,0
15.287.286,0,proprietario,SP,0
15.318.775,0,proprietario,RS,0
15.334.893,1,gerente,RS,0
15.351.447,1,proprietario,PR,1
15.397.093,1,proprietario,PB,1
15.404.932,1,socio,Outros,1
15.419.768,1,diretor,SP,0
15.420.492,1,socio,PB,0
15.434.835,1,socio,Outros,1
15.441.134,0,diretor,Outros,1
15.481.909,1,diretor,SC,0
15.523.903,1,proprietario,SP,0
15.537.157,1,diretor,Outros,0
15.573.136,0,proprietario,Outros,1
15.573.686,1,gerente,Outros,1
15.589.178,0,socio,PB,1
15.605.543,1,socio,Outros,0
15.608.721,0,gerente,Outros,0
15.628.461,1,outros,SC,0
15.639.595,1,gerente,Outros,0
15.665.528,1,outros,SP,0
15.700.419,1,gerente,GO,1
15.733.202,1,diretor,PB,1
15.734.667,0,socio,PB,1
15.771.761,0,proprietario,SC,0
15.801.086,1,socio,Outros,0
15.802.362,1,diretor,PR,0
15.824.812,1,socio,PR,1
15.913.234,0,socio,MG,0
16.041.592,1,outros,BA,1
16.066.888,1,gerente,BA,0
16.096.819,1,gerente,Outros,0
16.314.791,1,gerente,BA,1
16.433.394,0,socio,Outros,0
16.464.947,1,diretor,SC,0
16.479.565,0,proprietario,PR,0
16.501.239,0,socio,Outros,1
16.543.194,0,diretor,MG,1
16.565.111,1,outros,Outros,1
16.577.631,1,outros,SP,1
16.577.642,1,gerente,MG,0
16.584.760,1,gerente,SP,0
16.586.009,0,proprietario,PR,0
16.614.274,1,proprietario,GO,0
16.661.925,1,diretor,Outros,1
16.675.823,1,gerente,SP,1
16.696.315,1,socio,GO,1
16.731.624,1,proprietario,Outros,1
16.748.338,1,diretor,RS,0
16.784.001,1,diretor,MG,1
16.813.858,1,diretor,PR,0
16.844.459,1,gerente,SP,0
16.886.722,1,socio,PR,1
16.903.492,1,gerente,Outros,1
16.909.605,1,proprietario,MG,1
16.920.620,0,diretor,Outros,0
16.925.488,1,gerente,MG,1
16.941.799,0,gerente,Outros,0
16.949.951,1,diretor,GO,1
16.962.471,1,outros,MG,1
16.964.617,1,diretor,PR,0
17.012.781,1,gerente,MG,0
17.031.662,0,proprietario,PR,0
17.035.509,0,socio,ES,0
17.084.068,0,socio,BA,0
17.088.302,0,diretor,MG,0
17.099.685,1,diretor,Outros,0
17.122.471,1,proprietario,PR,1
17.126.865,1,gerente,GO,1
17.130.608,1,diretor,Outros,0
17.154.899,1,proprietario,MG,1
17.161.241,1,gerente,MG,0
17.178.985,1,outros,PB,0
17.187.980,1,socio,MG,0
17.191.172,1,gerente,MG,1
17.215.039,1,diretor,MG,0
17.223.848,0,gerente,SP,0
17.229.964,1,diretor,MG,0
17.238.787,0,socio,RS,0
17.257.916,1,outros,MG,1
17.261.064,0,outros,ES,0
17.272.240,1,diretor,RS,0
17.273.767,1,socio,SP,1
17.303.095,1,gerente,PR,0
17.323.190,1,diretor,SP,0
17.326.413,1,socio,BA,0
17.334.801,0,proprietario,PB,0
17.335.222,1,socio,SP,0
17.344.459,1,gerente,SP,0
17.361.190,1,diretor,GO,0
17.364.553,1,socio,SP,0
17.403.205,0,diretor,MG,1
17.411.982,1,diretor,Outros,1
17.431.011,1,diretor,Outros,0
17.454.153,0,proprietario,Outros,0
17.542.385,1,diretor,PR,0
17.560.955,0,proprietario,RS,0
17.569.257,0,diretor,Outros,0
17.581.361,1,gerente,MG,0
17.590.088,0,diretor,RJ,1
17.597.098,1,gerente,PB,1
17.599.177,0,proprietario,PR,0
17.599.916,1,outros,SP,1
17.633.563,1,socio,SP,0
17.645.625,1,diretor,SC,0
17.652.159,1,diretor,SP,0
17.675.968,0,gerente,MG,0
17.678.854,1,gerente,PR,0
17.689.837,1,socio,MG,0
17.698.598,1,gerente,MG,0
17.707.556,1,proprietario,SC,0
17.708.715,1,proprietario,MG,0
17.716.498,1,outros,GO,0
17.750.622,0,diretor,PR,0
17.776.751,1,diretor,BA,0
17.781.495,1,proprietario,SP,0
17.799.438,1,diretor,MG,0
17.811.210,1,socio,SP,1
17.847.183,1,diretor,SC,0
17.848.616,1,proprietario,PR,0
17.858.696,0,proprietario,SC,0
17.869.526,0,gerente,RS,0
17.900.301,1,outros,Outros,1
17.905.147,1,gerente,SC,0
17.906.858,0,proprietario,SP,1
17.929.771,0,diretor,Outros,1
17.947.500,1,diretor,Outros,0
17.966.310,1,proprietario,SP,1
17.974.229,1,proprietario,Outros,1
17.974.814,1,proprietario,PR,0
18.003.944,1,socio,PB,0
18.073.887,1,outros,PR,1
18.130.978,1,diretor,GO,0
18.172.975,1,socio,RS,0
18.181.137,1,outros,SP,1
18.210.855,1,socio,RJ,0
18.225.557,1,diretor,MG,1
18.225.750,1,diretor,SP,1
18.233.211,1,gerente,SP,0
18.244.838,1,diretor,MG,0
18.301.805,1,diretor,RS,0
18.333.885,0,socio,GO,0
18.344.047,0,diretor,Outros,1
18.375.552,0,diretor,ES,0
18.399.365,1,gerente,Outros,0
18.402.903,1,socio,SP,1
18.416.804,0,diretor,PR,0
18.449.504,1,gerente,GO,1
18.457.451,1,diretor,SC,0
18.458.333,0,diretor,Outros,0
18.465.735,0,gerente,MG,0
18.489.886,1,diretor,MG,0
18.490.231,1,diretor,Outros,1
18.493.350,1,diretor,Outros,1
18.511.001,1,gerente,SP,0
18.556.157,1,diretor,PR,0
18.556.765,1,socio,SP,1
18.594.208,1,diretor,MG,0
18.594.711,0,socio,RS,0
18.602.750,0,diretor,PR,0
18.606.773,1,diretor,Outros,1
18.609.988,1,diretor,MG,1
18.612.552,1,socio,SP,0
18.614.335,1,proprietario,RJ,0
18.634.031,0,diretor,BA,1
18.678.787,1,proprietario,Outros,1
18.702.309,1,gerente,SP,1
18.703.275,1,gerente,PR,1
18.705.411,1,socio,MG,0
18.715.796,0,outros,Outros,0
18.727.053,1,outros,SP,1
18.797.307,1,diretor,SP,0
18.850.153,0,socio,BA,0
18.857.980,1,socio,GO,0
18.862.543,0,diretor,ES,0
18.880.530,1,socio,SP,0
18.881.584,1,proprietario,PB,1
18.886.577,1,gerente,SC,0
18.916.070,1,socio,RJ,1
18.942.172,0,gerente,RS,0
18.945.636,0,socio,SP,0
18.957.061,1,diretor,Outros,1
18.997.640,1,gerente,SP,0
19.043.304,1,diretor,SC,0
19.045.238,1,diretor,SP,0
19.076.404,1,outros,MG,0
19.130.078,0,socio,MG,0
19.137.430,1,diretor,Outros,0
19.155.049,1,diretor,RJ,1
19.163.352,1,diretor,Outros,1
19.175.657,0,proprietario,PB,1
19.189.287,1,gerente,GO,0
19.197.857,1,diretor,Outros,1
19.210.785,1,diretor,SP,0
19.217.022,1,diretor,RS,0
19.248.946,1,socio,Outros,0
19.251.939,1,socio,RS,0
19.265.405,1,gerente,Outros,0
19.269.569,1,diretor,SC,0
19.312.290,1,outros,RJ,0
19.333.351,1,diretor,SC,0
19.344.868,1,socio,RS,1
19.352.454,1,diretor,ES,0
19.361.155,0,outros,Outros,1
19.378.769,1,diretor,MG,1
19.381.283,1,diretor,Outros,0
19.382.749,1,gerente,SC,0
19.419.876,0,socio,MG,0
19.425.431,1,socio,Outros,0
19.436.672,1,gerente,PR,0
19.451.038,1,gerente,MG,0
19.452.818,0,proprietario,RJ,0
19.457.931,0,diretor,RJ,0
19.485.388,0,diretor,Outros,1
19.495.280,1,diretor,SC,0
19.513.337,1,gerente,Outros,0
19.542.539,1,outros,MG,1
19.586.935,1,diretor,PR,0
19.593.276,0,diretor,MG,0
19.595.660,1,socio,SP,1
19.622.996,1,diretor,RJ,1
19.646.504,1,proprietario,MG,0
19.648.139,0,socio,MG,0
19.692.767,1,socio,BA,0
19.732.168,1,socio,PR,0
19.748.760,1,proprietario,SC,0
19.784.862,0,diretor,Outros,0
19.815.124,1,diretor,Outros,1
19.843.056,1,socio,RJ,0
19.856.994,1,socio,Outros,0
19.858.131,1,socio,BA,0
19.870.089,1,proprietario,PR,1
19.874.020,1,gerente,SC,0
19.905.295,1,diretor,SP,0
19.907.745,1,diretor,GO,0
19.917.461,1,socio,Outros,0
19.936.878,0,gerente,BA,0
19.947.683,0,diretor,Outros,1
19.954.705,1,gerente,MG,0
20.003.212,1,gerente,RS,0
20.010.864,1,gerente,MG,0
20.021.701,0,diretor,GO,0
20.024.081,0,socio,MG,0
20.051.163,1,gerente,SP,1
20.071.168,0,diretor,Outros,1
20.085.568,0,diretor,Outros,0
20.112.705,1,diretor,PR,0
20.160.651,1,diretor,MG,0
20.200.813,1,proprietario,SP,0
20.243.202,0,socio,Outros,0
20.275.244,1,gerente,MG,0
20.276.961,1,diretor,GO,1
20.280.465,0,gerente,Outros,0
20.286.683,0,diretor,PR,0
20.299.710,1,gerente,GO,0
20.300.832,1,proprietario,Outros,1
20.302.126,1,socio,PB,1
20.302.873,1,diretor,MG,0
20.353.275,1,socio,RS,1
20.357.512,1,diretor,Outros,0
20.374.753,0,proprietario,RS,0
20.375.169,0,socio,RS,0
20.380.840,0,diretor,GO,1
20.415.868,1,socio,Outros,0
20.437.217,1,socio,RS,0
20.468.310,1,gerente,MG,0
20.474.613,1,proprietario,Outros,0
20.474.877,1,diretor,RS,0
20.498.298,1,diretor,Outros,1
20.535.196,1,socio,PR,1
20.584.928,1,proprietario,SP,0
20.589.268,0,outros,SP,1
20.611.179,0,diretor,MG,0
20.611.761,1,diretor,MG,0
20.615.628,0,diretor,GO,1
20.618.821,1,socio,Outros,0
20.620.600,0,socio,MG,0
20.632.141,1,proprietario,RJ,1
20.639.346,0,diretor,GO,1
20.640.653,1,diretor,ES,0
20.645.611,1,proprietario,BA,0
20.651.683,1,diretor,RJ,1
20.678.044,1,proprietario,SP,0
20.703.320,1,diretor,PR,0
20.721.116,1,diretor,SP,0
20.723.631,1,diretor,MG,0
20.817.402,1,gerente,Outros,0
20.846.599,1,proprietario,SC,0
20.853.119,0,diretor,Outros,0
20.863.464,1,socio,RS,0
20.874.120,1,proprietario,SC,0
20.888.654,1,diretor,MG,0
20.927.364,0,gerente,MG,0
20.932.302,1,socio,MG,0
20.982.412,0,socio,BA,0
20.989.545,0,proprietario,PR,0
20.992.825,1,proprietario,SC,0
21.003.496,0,socio,MG,0
21.016.949,0,diretor,GO,0
21.038.936,1,proprietario,SP,1
21.064.649,1,socio,BA,0
21.081.628,1,outros,MG,0
21.110.956,1,diretor,RS,0
21.111.496,0,diretor,GO,1
21.114.187,1,diretor,Outros,0
21.119.442,1,socio,PB,1
21.135.286,1,gerente,GO,0
21.160.941,1,socio,ES,0
21.171.115,1,socio,PR,0
21.189.201,1,gerente,Outros,0
21.223.639,1,gerente,SP,0
21.232.542,0,socio,PB,1
21.235.070,0,proprietario,SP,0
21.238.073,0,diretor,Outros,0
21.280.493,1,gerente,MG,0
21.297.996,0,diretor,PR,0
21.304.810,0,diretor,SC,0
21.400.858,1,diretor,MG,0
21.409.189,1,socio,SP,1
21.433.323,0,diretor,ES,0
21.456.570,0,gerente,Outros,0
21.473.708,0,socio,PB,1
21.479.020,0,diretor,MG,0
21.489.634,1,gerente,SC,0
21.506.115,1,gerente,GO,0
21.533.539,1,diretor,PR,0
21.542.309,1,gerente,SP,0
21.547.649,1,gerente,GO,0
21.570.775,1,gerente,RJ,1
21.573.858,1,diretor,SP,1
21.601.855,1,socio,Outros,1
21.609.225,1,socio,SP,0
21.642.529,1,diretor,SP,0
21.652.599,1,diretor,MG,1
21.674.595,1,proprietario,SP,0
21.728.225,1,gerente,MG,1
21.743.490,0,diretor,GO,1
21.749.702,0,gerente,PB,0
21.771.798,1,diretor,Outros,1
21.849.120,1,gerente,MG,0
21.857.275,0,diretor,Outros,0
21.896.625,1,outros,RJ,1
21.918.382,1,socio,ES,0
21.959.305,0,diretor,Outros,1
21.989.352,1,diretor,PR,0
22.020.550,1,diretor,Outros,0
22.037.107,1,gerente,BA,0
22.064.101,1,gerente,SP,0
22.087.731,0,diretor,ES,0
22.161.042,1,socio,MG,0
22.161.801,0,diretor,SC,0
22.163.194,0,proprietario,SP,0
22.205.567,1,socio,SP,1
22.221.637,0,outros,RJ,0
22.245.245,1,diretor,MG,0
22.280.173,1,proprietario,Outros,1
22.299.646,1,diretor,SP,1
22.348.843,1,gerente,PR,0
22.366.434,1,proprietario,SP,0
22.378.323,1,diretor,Outros,0
22.424.823,1,outros,SP,0
22.447.684,1,gerente,MG,0
22.451.088,0,diretor,Outros,0
22.457.202,1,socio,MG,0
22.481.228,0,proprietario,PR,0
22.506.836,1,proprietario,MG,0
22.507.975,1,proprietario,SP,0
22.552.591,0,socio,PR,0
22.557.796,1,gerente,ES,0
22.623.490,1,outros,MG,1
22.655.168,0,diretor,PB,0
22.656.847,1,diretor,MG,0
22.673.347,1,gerente,MG,0
22.680.545,0,diretor,SP,0
22.688.866,0,diretor,MG,0
22.744.954,1,diretor,SC,0
22.751.608,0,diretor,Outros,0
22.753.798,1,proprietario,SP,1
22.770.311,1,diretor,Outros,1
22.777.692,1,socio,MG,0
22.779.647,1,proprietario,SP,0
22.780.688,1,diretor,MG,0
22.783.057,1,diretor,RS,0
22.797.210,1,diretor,GO,1
22.817.467,1,socio,RJ,0
22.822.404,0,socio,ES,0
22.824.533,0,diretor,Outros,1
22.847.052,1,socio,RJ,0
22.849.328,1,diretor,GO,1
22.934.351,0,diretor,GO,1
22.947.398,0,gerente,Outros,0
22.948.361,1,diretor,Outros,0
22.949.786,1,socio,MG,0
22.967.449,1,socio,PB,0
23.014.966,0,diretor,Outros,0
23.025.959,0,gerente,RJ,0
23.026.516,1,proprietario,SC,0
23.028.756,1,gerente,Outros,1
23.059.303,1,gerente,SP,0
23.077.329,1,socio,RJ,1
23.126.330,1,socio,RJ,0
23.142.863,0,diretor,PB,1
23.157.056,0,gerente,BA,0
23.177.174,0,diretor,GO,0
23.191.655,0,socio,RS,0
23.194.386,1,socio,SP,0
23.268.817,1,socio,PB,1
23.272.813,1,outros,PB,0
23.294.221,1,diretor,ES,0
23.298.655,0,proprietario,ES,0
23.306.654,1,socio,SP,0
23.318.026,1,socio,SP,0
23.374.165,0,gerente,PR,0
23.384.632,0,proprietario,PB,0
23.386.609,1,gerente,RJ,1
23.417.611,0,diretor,MG,0
23.423.804,1,gerente,SC,0
23.427.256,1,proprietario,PR,0
23.439.441,1,gerente,Outros,0
23.477.873,0,diretor,MG,0
23.486.879,0,proprietario,SP,1
23.487.605,1,diretor,Outros,1
23.513.759,0,socio,MG,0
23.537.353,0,socio,Outros,0
23.542.365,0,diretor,Outros,0
23.580.956,1,gerente,RS,0
23.612.315,0,gerente,Outros,1
23.616.331,1,proprietario,Outros,0
23.640.261,1,gerente,MG,0
23.643.315,1,gerente,SP,1
23.683.235,1,gerente,MG,0
23.683.459,1,socio,PB,1
23.743.492,0,gerente,MG,0
23.757.894,1,socio,RS,1
23.820.639,1,gerente,SP,0
23.843.664,1,socio,Outros,1
23.870.046,1,diretor,SC,0
23.877.030,1,gerente,SP,0
23.881.779,1,gerente,Outros,0
23.896.429,1,diretor,SP,0
23.921.007,0,proprietario,MG,1
23.935.495,1,gerente,RS,0
23.975.081,1,outros,PR,0
24.006.876,1,gerente,MG,0
24.014.158,1,socio,MG,0
24.026.068,1,diretor,SP,1
24.032.579,1,diretor,Outros,0
24.148.379,1,gerente,SC,0
24.149.139,0,diretor,MG,0
24.260.745,1,diretor,RS,0
24.287.510,1,proprietario,SC,0
24.294.209,1,socio,PB,1
24.301.458,1,gerente,SP,1
24.374.270,1,gerente,PB,1
24.382.997,1,diretor,ES,0
24.419.593,1,proprietario,SP,0
24.445.257,0,diretor,Outros,1
24.495.476,1,diretor,MG,0
24.498.084,0,proprietario,PR,1
24.506.287,0,diretor,MG,0
24.511.912,1,diretor,BA,0
24.513.858,1,socio,MG,0
24.584.687,1,proprietario,SP,0
24.589.692,0,diretor,SC,0
24.660.541,1,proprietario,SP,0
24.680.779,1,diretor,Outros,1
24.721.230,0,gerente,PB,1
24.743.678,1,gerente,SP,1
24.767.119,0,gerente,Outros,1
24.769.823,0,diretor,SC,0
24.792.638,0,proprietario,RS,0
24.854.504,0,diretor,PR,0
24.894.606,0,diretor,GO,0
24.894.950,0,outros,SP,0
24.895.241,1,proprietario,Outros,1
24.929.902,1,gerente,PB,1
24.940.992,1,proprietario,MG,0
24.953.072,1,diretor,Outros,0
24.966.233,1,socio,RJ,1
25.017.862,1,gerente,SP,1
25.054.566,1,outros,Outros,0
25.080.824,1,proprietario,SP,0
25.126.709,0,socio,PB,0
25.135.855,1,proprietario,GO,0
25.137.395,0,diretor,PB,1
25.137.825,1,diretor,RS,0
25.218.535,1,diretor,GO,0
25.225.450,1,gerente,MG,0
25.265.787,1,gerente,RJ,1
25.381.687,1,diretor,PR,1
25.398.216,1,proprietario,Outros,1
25.402.516,1,diretor,Outros,1
25.432.387,0,socio,Outros,1
25.530.240,0,proprietario,MG,0
25.581.620,1,diretor,MG,1
25.650.383,1,gerente,MG,0
25.759.366,1,diretor,GO,0
25.769.266,1,diretor,MG,0
25.773.241,1,socio,SP,1
25.861.063,1,gerente,MG,0
25.902.295,0,gerente,MG,1
25.975.807,1,diretor,SC,0
26.015.485,1,socio,SP,1
26.039.324,0,diretor,Outros,0
26.118.751,0,socio,BA,0
26.146.067,0,gerente,PB,0
26.156.822,0,proprietario,Outros,1
26.157.871,1,proprietario,Outros,0
26.178.616,1,outros,MG,0
26.190.066,0,diretor,MG,0
26.262.847,1,gerente,ES,0
26.306.589,0,socio,MG,0
26.307.805,0,diretor,GO,1
26.309.355,0,socio,PB,1
26.337.595,0,gerente,GO,0
26.341.962,0,socio,MG,0
26.369.827,1,diretor,MG,0
26.418.795,0,proprietario,GO,1
26.434.032,1,diretor,MG,0
26.436.556,1,socio,RS,0
26.445.944,1,gerente,PR,1
26.458.999,1,socio,RJ,0
26.467.514,1,proprietario,Outros,1
26.469.930,1,outros,RS,0
26.475.807,0,proprietario,PB,0
26.484.154,0,gerente,Outros,1
26.518.352,1,socio,MG,0
26.541.330,1,gerente,PR,0
26.549.889,1,proprietario,MG,0
26.552.514,1,diretor,SP,0
26.560.116,1,diretor,MG,0
26.564.534,1,outros,Outros,1
26.586.645,1,diretor,MG,1
26.592.826,0,socio,Outros,0
26.593.333,1,diretor,ES,0
26.615.977,0,socio,MG,0
26.633.906,1,diretor,Outros,1
26.635.962,0,proprietario,MG,0
26.643.102,0,diretor,MG,0
26.662.449,1,diretor,Outros,0
26.666.614,1,diretor,RS,0
26.721.490,0,socio,SC,0
26.762.611,1,proprietario,SP,0
26.769.043,1,diretor,MG,0
26.789.341,1,gerente,RJ,1
26.855.100,1,diretor,ES,0
26.887.293,0,diretor,MG,0
26.890.509,0,diretor,Outros,0
26.909.882,1,gerente,PR,0
26.917.775,0,diretor,SP,0
26.921.551,1,diretor,GO,1
26.924.337,1,diretor,SC,0
26.936.501,0,diretor,SP,0
26.970.916,0,gerente,PB,1
26.971.405,0,gerente,Outros,0
26.982.634,1,proprietario,SP,1
26.989.106,1,proprietario,PR,1
27.002.490,0,diretor,GO,0
27.006.669,1,proprietario,SP,0
27.007.043,0,diretor,PR,0
27.066.538,0,socio,SP,1
27.073.770,0,socio,MG,0
27.074.467,1,diretor,ES,1
27.091.734,0,diretor,Outros,0
27.118.434,1,gerente,SC,0
27.130.036,0,socio,ES,0
27.133.758,1,gerente,SP,0
27.171.425,0,gerente,Outros,0
27.198.835,0,socio,Outros,0
27.221.173,1,gerente,SC,0
27.234.139,1,diretor,MG,0
27.297.290,0,diretor,ES,0
27.307.683,1,gerente,SC,0
27.362.066,0,proprietario,SP,0
27.373.518,1,gerente,SP,1
27.404.965,0,diretor,MG,0
27.409.842,1,socio,SP,0
27.465.828,1,socio,RS,0
27.526.108,1,diretor,SC,0
27.536.937,1,outros,ES,0
27.540.685,1,gerente,RJ,0
27.550.118,1,gerente,SC,0
27.574.339,0,diretor,PB,1
27.616.948,1,gerente,SC,0
27.619.885,1,gerente,PR,0
27.664.986,0,socio,RJ,0
27.731.976,1,diretor,Outros,0
27.736.323,1,gerente,SC,0
27.745.320,1,gerente,MG,0
27.758.488,0,diretor,RJ,1
27.770.873,1,proprietario,RJ,0
27.799.491,1,socio,SP,0
27.821.317,1,proprietario,Outros,1
27.822.869,1,diretor,SP,0
27.848.991,1,proprietario,PR,0
27.892.478,1,socio,MG,0
27.909.777,1,proprietario,RS,0
27.951.903,1,diretor,SC,0
27.954.969,1,gerente,PB,0
28.019.100,1,gerente,SP,0
28.037.055,0,diretor,SP,0
28.061.519,1,diretor,SC,0
28.071.153,0,outros,MG,0
28.073.399,0,proprietario,PR,1
28.099.428,1,diretor,ES,0
28.128.571,1,diretor,RJ,1
28.129.260,1,socio,ES,0
28.147.121,0,socio,MG,0
28.180.071,0,socio,MG,0
28.193.531,1,proprietario,SP,1
28.237.057,0,diretor,GO,0
28.279.297,1,diretor,RJ,1
28.279.845,1,diretor,SC,0
28.290.737,1,diretor,PR,1
28.299.386,1,socio,RJ,0
28.373.933,0,gerente,PB,0
28.379.760,1,gerente,PR,0
28.390.966,1,gerente,SP,0
28.391.564,0,diretor,GO,1
28.426.360,1,proprietario,SP,0
28.434.280,1,socio,ES,0
28.438.728,0,socio,PB,1
28.439.384,1,diretor,Outros,1
28.492.253,1,gerente,SP,0
28.497.030,1,diretor,ES,0
28.537.185,1,gerente,MG,0
28.548.603,1,diretor,RS,0
28.558.871,0,diretor,Outros,0
28.568.392,1,socio,RJ,0
28.584.269,1,gerente,SP,1
28.590.429,0,diretor,Outros,0
28.617.253,1,diretor,Outros,1
28.624.978,0,diretor,MG,0
28.662.500,1,outros,RJ,1
28.663.998,1,diretor,SP,0
28.676.092,0,diretor,PB,1
28.678.638,1,socio,SC,0
28.684.795,0,socio,RJ,0
28.690.998,1,outros,RJ,1
28.770.582,1,proprietario,SP,0
28.784.743,0,outros,MG,1
28.804.362,1,socio,MG,0
28.833.636,1,gerente,RS,0
28.878.603,1,outros,RJ,0
28.903.362,1,proprietario,Outros,0
28.903.514,0,diretor,Outros,1
28.958.179,1,diretor,Outros,1
28.958.328,1,gerente,SC,0
28.970.562,1,diretor,PR,0
28.975.052,1,diretor,Outros,1
29.016.974,1,diretor,ES,0
29.038.784,0,diretor,ES,0
29.043.505,0,proprietario,RS,0
29.045.041,1,socio,PB,1
29.084.424,1,gerente,SP,0
29.108.107,1,socio,RJ,0
29.138.891,1,proprietario,RS,1
29.163.898,0,gerente,Outros,0
29.179.871,0,diretor,Outros,1
29.191.948,1,diretor,SC,0
29.212.589,0,proprietario,PR,0
29.224.827,1,diretor,Outros,0
29.224.835,1,gerente,SP,1
29.225.637,1,socio,Outros,0
29.233.168,1,diretor,RS,0
29.264.107,0,diretor,Outros,1
29.283.955,0,proprietario,PR,1
29.291.773,0,diretor,Outros,0
29.453.826,0,diretor,RJ,0
29.475.222,1,proprietario,SC,0
29.482.108,0,diretor,Outros,0
29.495.800,0,diretor,Outros,1
29.566.192,0,diretor,Outros,1
29.601.612,1,diretor,SP,0
29.656.653,0,diretor,Outros,1
29.661.419,1,proprietario,SP,0
29.715.673,0,diretor,Outros,1
29.750.986,0,socio,BA,1
29.753.809,0,diretor,SC,0
29.756.697,1,gerente,SP,0
29.760.767,1,diretor,PR,0
29.823.825,1,gerente,SP,0
29.863.420,1,gerente,RJ,0
29.909.984,1,proprietario,SP,0
29.930.319,0,proprietario,PR,0
29.960.431,1,socio,MG,1
29.967.430,1,diretor,MG,0
29.969.691,0,proprietario,SP,1
29.976.068,1,diretor,SP,0
30.003.035,0,diretor,GO,0
30.039.694,0,diretor,SC,0
30.062.033,0,gerente,SC,0
30.062.482,0,diretor,PB,1
30.093.316,0,proprietario,RS,0
30.107.966,1,diretor,Outros,0
30.119.015,1,outros,GO,0
30.122.277,0,diretor,MG,0
30.145.418,0,socio,RJ,1
30.175.510,1,proprietario,SP,0
30.197.945,0,proprietario,SC,0
30.200.846,1,socio,MG,0
30.201.814,1,diretor,ES,0
30.215.527,1,socio,BA,0
30.232.982,1,outros,RJ,0
30.273.934,0,diretor,Outros,0
30.282.152,0,diretor,PR,1
30.300.117,1,outros,SP,0
30.328.792,1,proprietario,SP,0
30.366.238,1,socio,PB,0
30.371.945,0,gerente,SP,1
30.408.555,1,gerente,SP,0
30.411.573,1,socio,RJ,0
30.414.250,1,socio,MG,0
30.422.867,0,diretor,PR,1
30.439.462,1,diretor,PR,1
30.442.051,1,diretor,Outros,0
30.455.169,1,socio,SP,1
30.456.082,1,diretor,GO,0
30.524.023,1,diretor,RS,0
30.542.556,0,diretor,MG,0
30.581.433,1,gerente,ES,0
30.596.018,1,diretor,GO,0
30.599.325,0,proprietario,Outros,0
30.608.458,1,proprietario,SP,1
30.673.825,1,gerente,Outros,0
30.677.366,0,diretor,BA,0
30.677.559,0,socio,RS,0
30.689.889,1,socio,ES,0
30.701.174,1,socio,Outros,0
30.723.321,0,proprietario,BA,0
30.727.680,1,proprietario,SP,0
30.736.131,1,diretor,RJ,1
30.751.572,1,diretor,RJ,0
30.776.898,0,diretor,RS,0
30.788.073,1,socio,MG,0
30.823.448,1,gerente,PR,0
30.834.438,0,diretor,GO,0
30.923.514,0,socio,RS,0
30.949.272,1,socio,SP,0
30.962.180,0,proprietario,Outros,0
30.972.346,1,diretor,SP,0
30.975.546,0,diretor,SP,0
30.984.281,0,socio,MG,0
31.016.353,0,proprietario,SP,0
31.068.179,1,gerente,RS,1
31.076.938,1,diretor,RJ,1
31.077.057,0,diretor,GO,0
31.134.885,1,diretor,RJ,0
31.134.935,1,diretor,RJ,0
31.201.134,1,proprietario,SP,1
31.245.078,1,proprietario,SP,0
31.275.084,1,outros,ES,0
31.277.091,0,proprietario,PB,1
31.277.525,1,diretor,GO,0
31.296.067,1,gerente,RJ,0
31.304.573,0,diretor,RS,0
31.356.611,1,diretor,Outros,1
31.438.109,0,diretor,Outros,0
31.456.838,1,diretor,MG,1
31.494.783,0,outros,SP,0
31.530.410,1,socio,SP,1
31.565.104,1,gerente,MG,0
31.590.673,1,diretor,PR,1
31.614.645,0,diretor,Outros,1
31.623.320,1,socio,PR,1
31.638.615,0,diretor,Outros,1
31.668.585,1,socio,RJ,0
31.699.794,0,gerente,MG,0
31.702.515,0,socio,RS,0
31.707.658,0,outros,SP,0
31.731.736,1,socio,SP,1
31.765.014,0,proprietario,PR,0
31.765.486,0,socio,SP,0
31.765.587,1,diretor,RJ,1
31.784.745,0,gerente,Outros,0
31.787.655,0,proprietario,PR,0
31.790.710,1,socio,ES,0
31.799.479,1,proprietario,PR,0
31.804.115,1,socio,ES,0
31.807.989,0,diretor,PR,0
31.812.775,1,diretor,BA,1
31.845.967,0,outros,MG,0
31.882.636,1,socio,RJ,0
31.906.858,1,gerente,Outros,0
31.945.341,1,socio,PR,1
31.950.056,1,diretor,RJ,1
31.955.034,1,socio,SP,0
31.973.468,1,socio,GO,1
31.998.840,1,proprietario,RS,0
32.011.657,0,socio,MG,0
32.051.171,0,diretor,BA,1
32.064.843,0,gerente,SP,0
32.072.119,0,socio,RS,0
32.087.259,1,proprietario,Outros,1
32.088.279,1,diretor,Outros,0
32.166.967,1,socio,MG,0
32.174.875,0,socio,RS,1
32.175.044,1,socio,RJ,0
32.183.157,0,gerente,ES,0
32.184.114,1,proprietario,MG,0
32.185.141,1,socio,Outros,0
32.240.105,0,diretor,PR,0
32.274.342,1,outros,RJ,1
32.408.785,1,proprietario,SP,0
32.410.337,0,diretor,PR,0
32.438.772,1,gerente,ES,0
32.457.264,1,proprietario,SC,0
32.492.373,1,gerente,ES,0
32.506.618,1,socio,RS,0
32.530.014,0,gerente,Outros,0
32.531.293,1,gerente,SP,1
32.534.495,1,diretor,PR,0
32.550.125,1,socio,BA,1
32.558.784,1,proprietario,ES,0
32.681.371,1,gerente,RJ,0
32.705.849,1,diretor,PR,1
32.743.133,0,diretor,ES,0
32.745.795,0,socio,Outros,0
32.795.906,0,proprietario,Outros,1
32.798.813,0,socio,SP,0
32.808.669,1,gerente,PB,1
32.873.809,1,proprietario,SP,0
32.874.492,0,diretor,RS,0
32.909.478,0,outros,SC,0
32.951.238,0,diretor,Outros,0
32.951.535,1,outros,Outros,0
32.952.027,0,diretor,PR,0
32.956.463,1,diretor,GO,0
32.960.078,1,socio,BA,0
32.964.399,1,diretor,SP,0
33.009.911,1,gerente,SP,1
33.014.625,0,socio,BA,0
33.026.690,1,proprietario,PR,1
33.070.814,1,outros,Outros,1
33.078.767,1,diretor,Outros,0
33.116.364,0,diretor,Outros,1
33.136.280,1,socio,PB,1
33.151.781,0,diretor,SC,0
33.156.788,1,diretor,PR,0
33.178.088,1,diretor,Outros,1
33.197.161,1,outros,RJ,1
33.248.755,0,proprietario,MG,0
33.256.439,1,gerente,SP,1
33.304.981,1,outros,RJ,1
33.325.184,1,gerente,SP,1
33.337.122,1,gerente,RJ,1
33.337.374,0,socio,Outros,1
33.340.789,0,gerente,PR,0
33.368.416,1,proprietario,GO,0
33.414.043,0,proprietario,PR,0
33.438.250,1,proprietario,RJ,1
33.470.433,1,proprietario,RS,1
33.502.602,1,diretor,MG,1
33.507.628,1,proprietario,Outros,1
33.579.538,0,diretor,MG,0
33.613.024,0,diretor,GO,0
33.628.536,1,proprietario,RS,0
33.628.850,1,diretor,RJ,1
33.634.548,0,proprietario,Outros,0
33.650.535,0,proprietario,Outros,0
33.664.244,1,diretor,Outros,0
33.722.548,1,socio,ES,0
33.724.423,1,socio,PR,0
33.724.481,0,proprietario,MG,0
33.740.876,1,socio,Outros,0
33.778.846,1,gerente,Outros,1
33.851.178,1,diretor,Outros,1
33.890.542,1,gerente,BA,0
33.899.204,1,diretor,BA,0
33.929.075,1,proprietario,SP,0
33.937.075,0,diretor,SC,0
33.943.267,1,diretor,RJ,1
33.977.615,0,proprietario,Outros,0
34.004.978,1,outros,RJ,1
34.039.589,1,socio,PB,1
34.051.080,1,outros,SP,0
34.052.268,0,diretor,Outros,0
34.082.275,1,socio,SP,0
34.133.947,1,socio,SC,0
34.134.074,0,socio,MG,0
34.151.100,1,gerente,MG,0
34.164.144,0,socio,SC,0
34.211.473,0,diretor,Outros,1
34.229.529,1,diretor,Outros,1
34.230.979,1,diretor,MG,1
34.275.065,1,gerente,BA,0
34.283.434,1,proprietario,GO,0
34.286.376,1,diretor,SP,1
34.314.716,1,gerente,BA,0
34.323.187,0,proprietario,SP,0
34.327.498,1,proprietario,RS,0
34.350.961,0,diretor,PR,0
34.361.056,1,diretor,GO,1
34.361.902,1,socio,RJ,0
34.364.824,1,socio,Outros,0
34.375.309,0,socio,GO,0
34.391.213,0,socio,MG,1
34.428.549,1,proprietario,Outros,0
34.639.717,1,diretor,Outros,1
34.655.648,1,socio,RJ,0
34.697.730,0,diretor,Outros,1
34.718.942,0,proprietario,ES,0
34.746.780,0,socio,BA,0
34.759.801,1,gerente,BA,0
34.935.341,1,outros,Outros,0
34.940.438,1,diretor,MG,0
34.989.647,1,diretor,Outros,1
35.042.104,1,diretor,Outros,0
35.043.217,0,proprietario,Outros,0
35.066.069,0,proprietario,PR,0
35.077.181,1,socio,SP,1
35.099.027,1,proprietario,Outros,1
35.109.252,1,diretor,SP,0
35.138.239,0,socio,Outros,1
35.150.981,0,socio,MG,0
35.196.765,1,diretor,Outros,1
35.229.640,1,diretor,Outros,0
35.244.942,0,proprietario,SP,0
35.267.023,1,socio,RJ,1
35.301.732,1,socio,PB,0
35.337.031,0,proprietario,MG,0
35.409.907,0,diretor,Outros,0
35.428.312,1,gerente,PB,0
35.464.184,1,diretor,SP,1
35.474.949,1,socio,Outros,0
35.496.023,0,socio,RS,0
35.501.330,1,proprietario,MG,0
35.517.367,1,socio,PR,1
35.531.215,0,socio,MG,1
35.554.961,0,proprietario,RS,0
35.583.475,1,socio,PB,1
35.589.365,1,socio,PB,1
35.596.616,0,diretor,Outros,0
35.605.495,0,socio,MG,1
35.649.603,0,diretor,GO,0
35.718.788,0,socio,BA,0
35.729.648,0,gerente,MG,1
35.755.378,1,socio,SP,0
35.772.703,0,proprietario,PR,1
35.789.994,1,diretor,PR,1
35.792.994,1,gerente,PR,0
35.795.989,1,socio,Outros,0
35.815.306,0,diretor,Outros,0
35.847.639,0,socio,ES,0
35.908.969,1,diretor,SC,0
36.016.058,0,socio,MG,1
36.025.041,1,proprietario,SP,0
36.033.461,0,proprietario,SP,0
36.038.536,1,diretor,Outros,1
36.047.755,0,diretor,Outros,0
36.077.897,1,diretor,GO,0
36.104.716,0,diretor,Outros,1
36.111.732,1,proprietario,SP,0
36.125.692,1,gerente,RJ,1
36.126.750,1,diretor,PR,0
36.149.130,1,socio,SP,1
36.163.257,0,proprietario,SP,0
36.171.739,1,diretor,MG,0
36.310.486,1,outros,MG,0
36.313.328,1,socio,ES,0
36.396.348,1,diretor,Outros,0
36.414.893,0,diretor,PR,0
36.474.596,0,socio,RS,0
36.494.034,0,diretor,Outros,0
36.504.166,1,proprietario,PR,0
36.562.043,0,proprietario,MG,0
36.578.458,1,socio,RJ,0
36.613.686,0,proprietario,Outros,0
36.618.405,1,proprietario,SP,0
36.697.591,1,diretor,Outros,1
36.715.718,0,socio,RJ,0
36.726.617,1,socio,Outros,1
36.779.318,1,socio,Outros,1
36.804.268,1,diretor,Outros,1
36.810.760,1,proprietario,Outros,1
36.874.564,0,socio,MG,0
36.904.548,0,diretor,Outros,1
36.915.924,1,diretor,Outros,0
36.962.538,1,gerente,Outros,0
36.964.214,1,outros,SP,0
36.999.011,0,diretor,Outros,0
37.018.878,0,diretor,ES,0
37.033.745,1,diretor,SC,0
37.056.132,1,gerente,Outros,1
37.072.839,0,socio,GO,0
37.131.969,0,proprietario,PR,0
37.138.835,1,socio,PB,1
37.143.809,1,proprietario,SP,0
37.206.984,0,diretor,Outros,1
37.234.437,1,diretor,GO,1
37.234.692,0,socio,MG,1
37.268.448,0,gerente,GO,1
37.286.339,0,diretor,RS,0
37.356.854,1,gerente,GO,0
37.412.027,1,proprietario,SP,0
37.432.721,1,diretor,Outros,0
37.509.829,0,diretor,RJ,1
37.517.269,0,socio,RJ,0
37.525.771,1,diretor,Outros,1
37.607.716,0,socio,MG,0
37.607.948,1,proprietario,SP,0
37.649.951,1,proprietario,Outros,0
37.656.008,0,diretor,SC,0
37.766.423,0,diretor,MG,0
37.793.959,1,socio,Outros,0
37.977.691,1,gerente,Outros,1
38.161.555,1,socio,GO,0
38.211.720,1,gerente,PB,0
38.253.330,1,diretor,MG,0
38.258.916,1,diretor,PR,0
38.262.634,0,diretor,PR,0
38.391.911,0,socio,SC,0
38.392.823,1,diretor,Outros,0
38.467.783,0,socio,MG,0
38.488.635,1,proprietario,SC,0
38.502.172,1,socio,SP,0
38.648.053,1,socio,SP,0
38.728.968,1,gerente,Outros,0
38.777.918,1,proprietario,SP,0
38.946.601,1,diretor,SP,0
39.235.916,0,socio,RJ,0
39.265.328,1,proprietario,GO,0
39.281.753,1,socio,ES,0
39.308.829,1,diretor,ES,0
39.362.389,1,outros,ES,1
39.429.554,1,diretor,GO,0
39.436.163,0,diretor,PR,0
39.445.302,1,socio,GO,1
39.452.329,1,diretor,SC,0
39.488.785,1,proprietario,SP,0
39.514.991,0,socio,SP,0
39.526.289,1,outros,SP,0
39.565.637,1,proprietario,SP,0
39.688.883,1,diretor,ES,0
39.727.333,1,diretor,Outros,0
39.860.652,1,proprietario,SP,0
39.890.978,0,gerente,ES,0
39.957.254,0,proprietario,SP,0
40.012.815,0,diretor,ES,0
40.017.962,0,diretor,Outros,0
40.024.461,1,socio,RJ,0
40.046.498,0,proprietario,Outros,1
40.052.648,0,gerente,SC,0
40.071.047,0,diretor,Outros,1
40.160.558,1,outros,RJ,1
40.265.282,1,diretor,RJ,1
40.270.958,1,proprietario,RJ,1
40.288.428,1,diretor,MG,1
40.299.810,1,gerente,SP,1
40.420.388,1,proprietario,MG,0
40.592.112,0,diretor,MG,0
40.716.159,0,diretor,MG,0
40.727.048,0,proprietario,Outros,1
40.799.562,1,gerente,SC,0
40.829.988,0,diretor,Outros,0
40.891.038,0,outros,Outros,0
40.904.492,1,gerente,PB,1
40.959.462,1,proprietario,PB,1
41.019.518,1,socio,PR,0
41.148.382,1,diretor,Outros,0
41.151.473,1,socio,PB,1
41.151.622,0,diretor,PB,0
41.163.566,1,outros,SC,0
41.233.468,0,diretor,Outros,0
41.315.692,0,diretor,PB,1
41.516.934,0,outros,Outros,1
41.532.405,1,socio,PB,0
41.550.112,1,gerente,Outros,1
41.568.245,1,diretor,MG,1
41.601.762,0,diretor,PR,0
41.705.476,1,socio,MG,0
41.717.984,1,gerente,MG,0
41.735.395,1,socio,SP,1
41.775.275,0,proprietario,GO,0
41.781.535,0,diretor,MG,0
41.835.356,0,proprietario,MG,0
41.967.873,0,socio,RJ,0
42.234.005,1,diretor,RJ,1
42.310.177,1,gerente,Outros,0
42.584.754,1,proprietario,SP,1
42.742.351,1,diretor,PR,0
42.743.064,0,diretor,SC,0
42.748.999,0,socio,PR,0
42.794.232,1,diretor,BA,0
42.883.904,0,diretor,MG,1
42.903.454,1,diretor,GO,1
42.942.235,1,gerente,MG,0
43.171.438,1,gerente,SP,1
43.197.553,1,diretor,RS,0
43.251.230,1,gerente,SP,0
43.319.482,0,socio,SP,0
43.458.751,1,diretor,Outros,0
43.512.636,0,socio,RS,0
43.580.746,0,socio,ES,0
43.635.212,0,proprietario,Outros,0
43.643.857,1,gerente,SP,1
43.725.355,1,socio,Outros,0
43.753.332,0,proprietario,PR,0
43.862.877,1,socio,Outros,0
43.913.461,0,socio,Outros,0
43.998.509,1,diretor,Outros,0
44.191.880,1,gerente,SP,0
44.357.569,1,proprietario,Outros,1
44.374.196,1,diretor,Outros,0
44.611.144,1,socio,SC,0
44.653.987,1,socio,SP,0
44.667.626,1,socio,MG,0
44.699.346,1,proprietario,RS,0
44.702.924,1,diretor,GO,1
44.772.937,1,outros,SP,1
44.860.916,1,diretor,GO,0
45.007.937,1,outros,SP,1
45.039.237,1,gerente,SP,0
45.201.929,1,diretor,Outros,1
45.233.715,1,diretor,SP,0
45.297.584,1,proprietario,SP,0
45.430.885,1,socio,MG,0
45.555.840,1,diretor,BA,0
45.594.690,0,socio,Outros,0
45.600.958,1,diretor,MG,0
45.813.832,1,socio,MG,1
45.896.838,0,diretor,SC,0
45.979.450,1,outros,SP,1
45.993.490,1,diretor,SP,0
46.061.279,1,gerente,RJ,0
46.157.897,0,gerente,Outros,0
46.395.687,0,gerente,SP,1
46.699.211,1,diretor,SP,1
46.744.062,1,diretor,SC,0
46.879.282,0,proprietario,SP,0
46.885.270,1,proprietario,PR,0
46.887.139,1,outros,SP,1
47.006.812,1,diretor,SP,0
47.202.007,1,outros,SP,0
47.478.398,0,diretor,Outros,1
47.665.140,1,socio,ES,0
47.887.346,1,diretor,PR,0
47.960.950,1,gerente,SP,0
47.964.911,1,proprietario,SP,0
48.042.512,1,diretor,MG,0
48.169.536,1,outros,SP,1
48.740.351,1,gerente,SP,0
49.025.695,1,gerente,SP,0
49.038.764,1,diretor,Outros,0
49.151.483,1,outros,SP,1
49.380.015,0,diretor,MG,1
49.427.015,1,diretor,Outros,0
49.679.921,1,proprietario,SP,0
49.748.922,0,diretor,MG,1
49.814.569,1,gerente,SP,0
49.871.213,1,gerente,SP,0
50.105.721,1,diretor,Outros,1
50.119.668,1,diretor,SP,0
50.470.163,0,diretor,PR,0
50.844.182,1,gerente,SP,1
50.949.528,1,gerente,SP,0
51.129.237,1,gerente,SP,0
51.353.076,1,gerente,SP,0
51.806.636,1,gerente,SP,0
52.134.798,1,outros,RJ,1
52.406.329,1,outros,SP,1
52.452.141,1,gerente,Outros,0
52.504.115,1,socio,SP,0
52.611.183,1,gerente,SP,0
52.700.689,1,diretor,SP,0
52.744.828,1,outros,SP,0
53.020.152,1,gerente,SP,1
53.424.594,0,diretor,SP,1
53.425.120,1,outros,SP,0
53.941.087,1,proprietario,Outros,0
54.111.000,1,gerente,SP,0
54.187.588,1,outros,SP,1
54.237.698,1,proprietario,SP,0
54.668.536,0,proprietario,SP,0
55.184.691,1,diretor,SP,0
55.717.243,1,gerente,SP,0
55.823.801,1,diretor,PR,0
56.041.825,1,proprietario,SP,1
56.051.600,0,diretor,SP,0
56.206.634,1,proprietario,SP,0
56.419.492,1,diretor,SP,1
56.421.191,1,outros,SP,0
56.433.253,1,proprietario,SP,0
56.589.153,1,socio,SP,0
56.624.117,1,gerente,SP,0
56.679.863,1,diretor,SP,0
56.727.134,1,gerente,SP,0
56.921.166,1,gerente,SP,1
56.927.734,1,socio,RJ,1
56.991.441,1,gerente,SP,0
57.012.098,1,gerente,SP,0
57.634.677,1,outros,SP,0
57.695.405,1,gerente,SP,0
57.700.916,1,gerente,Outros,0
58.069.360,1,outros,SP,0
58.222.647,1,gerente,SP,1
58.525.197,1,gerente,SP,0
58.673.450,1,gerente,SP,0
58.739.426,1,diretor,SP,0
58.780.602,1,outros,SP,0
58.832.072,1,diretor,SP,0
59.281.857,1,diretor,SP,0
59.409.607,1,diretor,PR,0
59.421.578,1,socio,SP,1
59.960.203,1,gerente,SP,0
60.077.336,1,diretor,SP,0
60.291.275,1,gerente,SP,0
60.295.979,1,gerente,SP,0
60.343.753,1,socio,SP,0
60.444.437,1,outros,RJ,1
60.500.790,1,outros,RJ,0
60.509.239,1,gerente,SP,1
60.546.801,1,diretor,MG,0
60.561.800,1,outros,SP,1
60.664.828,1,gerente,SP,1
60.723.061,1,gerente,SP,1
60.742.616,0,gerente,SP,1
60.746.518,1,gerente,SP,0
60.972.585,1,gerente,SP,1
61.031.480,1,outros,SP,0
61.139.432,1,gerente,SP,1
61.142.865,1,gerente,SP,0
61.192.522,1,gerente,SP,0
61.369.443,1,socio,SP,1
61.412.110,1,proprietario,SP,1
61.423.943,1,gerente,SP,0
61.602.199,1,outros,SP,1
61.916.920,0,outros,SP,0
62.003.298,1,proprietario,SP,0
62.314.844,1,gerente,SP,1
62.447.032,1,outros,SP,1
62.526.876,1,gerente,SP,0
63.107.429,1,gerente,SP,1
63.246.490,0,diretor,ES,0
63.280.838,1,gerente,BA,0
63.541.825,1,proprietario,Outros,0
63.622.856,0,diretor,Outros,0
64.108.731,0,proprietario,SP,1
64.232.499,1,diretor,MG,0
64.283.633,1,diretor,MG,1
64.290.752,1,diretor,MG,0
64.294.325,1,gerente,MG,0
64.419.393,1,diretor,MG,0
64.474.034,0,diretor,MG,1
64.710.338,1,outros,SP,1
65.105.041,1,socio,MG,0
65.185.472,1,gerente,SP,0
65.281.610,1,gerente,SP,0
65.306.953,1,socio,MG,0
65.311.235,1,gerente,SP,0
65.364.226,0,socio,MG,1
65.763.377,1,gerente,SP,0
65.874.182,1,socio,SP,0
66.013.608,1,outros,SP,0
66.284.985,1,diretor,MG,0
66.330.549,1,diretor,MG,0
66.336.736,1,diretor,MG,0
66.358.979,1,socio,MG,0
67.355.313,1,gerente,SP,0
67.531.210,0,diretor,MG,0
67.620.377,1,diretor,SP,0
67.906.834,1,proprietario,SP,0
68.058.213,1,gerente,SP,0
68.287.085,1,proprietario,SP,1
68.312.032,1,gerente,SP,0
68.317.817,1,gerente,SP,1
68.577.659,1,gerente,SP,1
68.944.610,1,diretor,SP,1
69.404.036,0,socio,Outros,1
69.441.103,0,outros,Outros,0
70.037.379,1,socio,SP,0
70.110.630,1,socio,PB,0
70.322.490,1,socio,Outros,1
70.357.959,1,diretor,Outros,1
70.494.828,1,gerente,Outros,0
71.033.518,0,gerente,MG,0
71.038.996,1,gerente,MG,0
71.169.387,1,gerente,BA,0
71.324.784,0,diretor,RJ,1
71.615.330,1,outros,SP,0
71.898.688,1,diretor,SP,0
72.109.218,1,socio,RJ,0
72.189.988,1,outros,RJ,1
72.271.695,1,diretor,RS,0
72.345.200,1,proprietario,SC,0
72.451.917,1,outros,PR,1
72.565.039,0,diretor,SC,0
72.812.852,1,proprietario,SP,0
73.019.507,1,gerente,SC,0
73.302.374,1,gerente,RS,1
73.410.326,1,outros,MG,1
73.647.745,1,proprietario,Outros,1
73.704.389,1,diretor,GO,1
73.709.958,1,gerente,RS,0
73.860.777,1,socio,SC,0
73.982.985,1,diretor,SC,0
74.006.115,1,gerente,SC,0
74.055.062,1,diretor,SC,0
74.068.248,1,diretor,PR,0
74.212.069,1,proprietario,SP,0
74.295.908,0,socio,SP,0
74.301.482,1,diretor,SP,0
74.395.542,1,gerente,SP,0
74.445.099,1,gerente,SP,0
75.021.519,1,diretor,PR,0
75.026.807,1,socio,PR,0
75.061.895,1,diretor,PR,0
75.100.818,1,gerente,PR,0
75.273.565,1,gerente,SC,0
75.400.903,1,gerente,PR,0
75.553.115,1,diretor,SC,0
75.729.038,1,outros,PR,1
75.784.140,0,diretor,PR,0
75.958.926,1,diretor,PR,0
75.990.176,1,proprietario,PR,0
76.107.440,1,outros,BA,0
76.147.602,0,gerente,PR,0
76.257.468,1,outros,PR,1
76.344.936,1,socio,SC,0
76.441.294,0,gerente,PR,0
76.550.532,1,diretor,PR,1
76.560.275,1,outros,SC,0
76.642.743,1,outros,PR,0
76.969.708,1,gerente,SC,0
77.024.644,1,socio,RJ,0
77.184.745,1,diretor,PR,0
77.526.697,1,outros,PR,1
77.644.495,1,proprietario,Outros,0
77.886.398,1,diretor,SC,0
78.051.778,1,outros,RJ,1
78.325.214,1,diretor,SC,0
78.336.252,1,outros,PR,0
78.434.982,1,gerente,PR,0
78.529.864,1,proprietario,SC,0
78.749.090,1,gerente,PR,1
78.807.427,1,outros,PR,0
78.815.958,1,proprietario,SC,0
78.840.238,0,diretor,SC,0
78.874.971,0,diretor,SC,0
78.881.414,1,gerente,SC,0
78.901.915,1,diretor,PR,0
79.417.846,1,diretor,SC,0
79.456.703,1,diretor,PR,0
79.675.294,1,socio,SC,0
79.942.140,1,outros,SP,0
80.083.454,1,gerente,RS,1
80.174.840,1,gerente,PR,0
80.247.943,1,outros,PR,0
80.283.088,1,gerente,PR,1
80.424.914,1,gerente,SC,0
80.492.127,1,proprietario,SC,0
80.585.052,1,proprietario,PR,1
80.645.922,1,gerente,PR,0
80.654.387,1,diretor,PR,0
80.681.877,0,diretor,SC,0
80.952.997,1,gerente,SC,0
81.108.029,1,outros,PR,0
81.188.542,1,proprietario,PR,1
81.382.525,1,gerente,SC,0
81.429.755,1,proprietario,PR,0
81.451.494,1,gerente,PR,0
81.452.880,1,gerente,Outros,0
81.569.824,1,diretor,SC,0
81.632.200,1,diretor,SC,0
81.692.956,1,socio,PR,1
81.718.751,1,gerente,PR,0
81.724.908,1,gerente,PR,0
81.750.697,1,diretor,Outros,0
81.801.623,1,diretor,SC,0
81.804.684,1,gerente,GO,0
81.813.925,1,diretor,SC,0
81.861.924,0,gerente,SC,0
82.077.785,1,diretor,PR,0
82.096.413,0,gerente,Outros,0
82.110.818,1,gerente,RS,0
82.172.206,1,gerente,SC,1
82.270.711,1,gerente,PR,1
82.469.503,0,proprietario,PR,0
82.506.908,0,diretor,PR,0
82.604.042,1,gerente,SC,0
82.658.253,1,diretor,PR,1
82.683.640,1,socio,PR,0
82.743.832,0,outros,SC,0
82.826.637,0,diretor,SC,0
82.927.385,1,diretor,SC,0
82.956.160,1,gerente,SC,0
83.058.024,1,diretor,SC,0
83.261.420,1,socio,SC,0
83.299.743,1,gerente,SC,0
83.310.375,1,diretor,SC,0
83.630.053,1,outros,SC,0
83.646.547,1,outros,MG,1
83.681.320,1,diretor,SC,0
83.685.354,1,diretor,SC,0
83.687.558,0,socio,SC,0
84.010.040,1,diretor,Outros,1
84.308.980,0,diretor,Outros,1
84.496.066,1,gerente,SP,0
84.521.053,1,diretor,Outros,1
84.550.847,1,diretor,Outros,1
84.607.530,0,diretor,Outros,1
84.698.927,1,gerente,SC,0
84.718.741,1,diretor,Outros,0
84.750.538,1,diretor,Outros,1
84.977.263,1,proprietario,PR,0
85.177.814,1,diretor,SC,0
85.183.747,0,diretor,SC,0
85.278.257,1,diretor,SC,0
85.281.764,1,diretor,SC,0
85.412.526,1,diretor,PR,0
86.431.749,1,proprietario,SC,1
86.528.700,1,gerente,MG,0
86.581.105,1,gerente,MG,0
86.679.917,1,outros,MG,0
86.886.884,1,proprietario,GO,0
86.944.188,1,diretor,SC,0
87.209.250,1,diretor,RS,1
87.317.194,1,gerente,RS,0
87.604.492,1,diretor,RS,0
87.675.831,1,outros,RS,0
87.689.402,1,gerente,RS,1
87.712.055,1,proprietario,RS,0
87.858.361,1,gerente,RS,0
88.057.146,1,socio,RS,0
88.202.254,1,diretor,RS,1
88.301.882,1,diretor,RS,0
88.473.731,1,gerente,SP,0
88.501.093,1,diretor,RS,0
88.584.875,1,diretor,RS,0
88.628.417,1,outros,RS,1
88.651.500,1,gerente,RS,1
88.670.526,1,gerente,RS,0
88.728.027,1,socio,RS,0
88.766.936,1,gerente,RS,0
88.832.738,1,proprietario,RS,0
89.082.085,0,socio,RS,0
89.237.911,1,diretor,RJ,1
89.317.697,1,gerente,RS,0
89.448.682,1,gerente,RS,1
89.567.952,1,diretor,RS,0
89.729.156,1,diretor,PR,0
89.823.918,1,diretor,RS,1
89.982.177,1,gerente,PR,0
90.030.156,1,socio,RS,0
90.094.848,1,diretor,RS,0
90.180.589,1,proprietario,RS,0
90.187.816,1,gerente,RS,0
90.291.436,1,outros,RS,0
90.628.637,1,socio,RS,0
90.735.549,1,diretor,RS,1
91.088.765,1,socio,RS,0
91.247.379,1,socio,RS,1
91.460.519,1,diretor,Outros,0
91.696.658,1,diretor,RS,1
91.720.458,1,gerente,RS,0
92.180.983,1,gerente,RS,1
92.193.135,1,diretor,RS,0
92.241.215,1,gerente,RS,0
92.315.332,1,gerente,RS,0
92.337.732,1,gerente,RS,0
92.521.475,1,gerente,RS,0
92.644.483,0,diretor,RS,1
92.667.948,1,socio,RS,1
92.688.415,1,outros,RS,1
92.821.370,1,outros,RS,1
92.847.755,1,socio,RS,0
93.094.597,1,outros,RS,1
93.254.753,1,outros,RS,1
93.285.088,1,diretor,RS,0
93.378.412,1,gerente,SP,0
93.561.108,1,proprietario,RS,0
93.793.842,1,outros,RS,0
93.800.985,1,proprietario,RS,0
93.919.884,1,socio,RS,0
93.949.899,1,socio,RS,0
94.089.455,1,socio,RS,0
94.492.899,1,gerente,RS,0
94.538.220,1,proprietario,RS,0
94.549.490,0,socio,RS,0
94.649.571,1,outros,RS,1
94.813.102,1,diretor,RS,0
94.837.598,1,socio,RS,0
94.874.807,1,gerente,RS,0
94.951.589,0,proprietario,RS,0
95.401.634,1,proprietario,PR,0
95.448.486,1,diretor,PR,1
95.592.077,1,socio,RS,0
95.598.629,1,outros,RS,1
95.832.150,1,diretor,SC,0
96.662.614,1,diretor,RS,1
96.713.839,1,diretor,BA,0
96.738.240,1,gerente,BA,0
96.766.225,1,gerente,BA,1
97.201.362,1,gerente,RS,0
97.392.245,1,gerente,SC,0
97.442.123,1,socio,MG,0
97.550.973,1,socio,Outros,0
97.755.607,1,diretor,RS,1
97.834.709,1,outros,RS,1
97.960.496,1,diretor,RS,0
98.593.668,1,gerente,RS,0
98.750.359,1,diretor,RS,1
